od,T_fast_h,n_cand,static_km,pred_red_pct,markov_red_pct,clim_red_pct,reactive_red_pct,oracle_red_pct,pred_p,dT_min
New York-Chicago,12.380009124913629,10,87.0119925948293,39.66765216432732,37.6248460902601,9.92419339992605,38.49460699192986,63.97419606232192,1.0012292618087e-98,72.53654707472873
New York-Atlanta,13.83742389456463,10,43.647847860371826,18.157471711257934,14.183462629297413,2.6343796208455346,14.26281464872018,58.96366057068034,3.871272083252393e-30,51.75821390965968
New York-Detroit,9.742006754342645,10,76.17150310448376,28.680689018760862,26.20994491175905,5.726760364068608,27.98738762802746,44.1720697679193,6.349540929291688e-86,59.42515886120141
New York-St. Louis,14.961102068562248,10,71.54325706602926,15.214273545906607,7.549671822915059,-19.944854456304707,9.006196825407507,62.16002864996899,1.986787475806415e-18,-75.06579863345955
New York-Indianapolis,11.219424854821884,10,59.636717435658284,23.273255599690657,17.915270691943313,-11.149199168889092,21.464122154654877,58.45247472359329,1.2757982191109694e-53,-122.54747483597804
New York-Pittsburgh,5.864419445181569,10,39.51628776369303,11.779775947274423,6.647033165887874,-25.07903686016156,11.76829874248109,30.689503920847812,1.8869659039710006e-55,-52.29426364350759
New York-Cleveland,7.214844083221911,10,65.59651130001173,39.800969091244184,36.24335137995216,16.565927314586922,36.430456808806944,53.49502393059745,5.2849885685747924e-104,50.807955427645126
New York-Cincinnati,9.857072199406048,10,54.99429636349434,28.3656106585062,23.754062489541862,-6.376491927627564,25.339546125542945,63.45598833747398,1.0084366155912494e-62,-88.96762894788569
New York-Nashville,13.883580541881333,10,64.37033895343501,24.950890339195066,21.799713956067983,7.004398580664456,20.0119154103397,72.32559995021094,3.8319458759153614e-39,66.0371318718646
New York-Charlotte,10.114228320466106,10,38.26115182842189,8.350900071339312,9.985310788355843,0.08959101975735864,10.641357118953398,43.63691694274204,1.1562634295921558e-10,37.5741843222119
New York-Columbus,8.232126660673686,10,30.32909706973411,-2.6823475870843017,-4.792803706671914,-26.333082061802802,1.1158747742046757,31.761115232964407,0.7562247276213379,-47.82532135618176
New York-Milwaukee,13.880816334955586,10,94.3225333276964,34.01373800590442,34.05413952236336,8.870168151317214,35.51453451127972,64.15720639600652,2.0094088863754084e-83,102.25427223822211
New York-Louisville,11.561977493959354,10,51.8961138645712,15.363538193201823,9.452795546387149,-31.398452593878652,13.863136953125315,64.22384801042278,4.208805147045187e-18,33.119143314206525
Chicago-Philadelphia,11.839407847537187,10,60.37556088723644,1.5496630399882265,9.422746996784712,-10.660366897239658,7.56014718743163,37.89872150524029,4.16309766184718e-05,7.095258120214041
Chicago-Dallas,15.394068056603095,10,117.35938712767562,41.33265031634995,44.434744957437964,7.305974143120461,44.758128736300385,76.69077258620554,5.703797130305264e-111,122.17560127260477
Chicago-Atlanta,11.916202895130482,10,41.70431139828884,17.997127735698186,16.26750260669608,-0.8702611794276779,16.826309347719995,55.725483006469844,5.271401581477501e-13,57.74555904349551
Chicago-Boston,15.503851934293381,10,97.24708613696066,22.99593858787885,21.890848236599,4.337795839979447,19.386038515089105,54.289221731565235,9.439205938821539e-45,-18.040283308144396
"Chicago-Washington,  D.C.",10.9540837818514,10,53.738190454023254,9.160321140030055,12.479871989962183,-5.393151728300086,15.044076385872552,53.351850482926075,1.4123302860650709e-14,30.319728673968456
Chicago-Detroit,4.707257330302222,10,19.839103103572594,20.635432105807308,17.749337529264597,0.22390021719744907,14.415091778850416,34.40802214294803,4.178599705347781e-53,6.8060477597289015
Chicago-Minneapolis,7.692821974544471,10,31.69223035347824,30.1482404775591,26.99675961221289,-1.8119923628812362,29.941773440054153,50.83680282358999,9.87874533464188e-42,33.52694222145118
Chicago-St. Louis,4.709455444534849,10,26.866020992312894,12.735293865604037,15.406770131282515,-6.769317763339355,15.66542670343616,33.663339757618374,1.0351398547017532e-11,17.5817652661871
Chicago-Kansas City,8.408969768630191,10,75.00657229664012,33.41179606666123,27.908765509851342,8.024014748611934,31.83992888482549,47.70771416838414,5.243012855945294e-126,23.90228001300752
Chicago-Pittsburgh,7.477709973053098,10,38.12955012527682,4.102513230768971,4.069370149406088,-0.8095562550405382,5.200773028606164,24.23790455447606,0.012758182796511393,29.21214421413456
Chicago-Cleveland,5.548359458498359,10,22.86166494026192,11.452555930319871,9.753065218106794,-0.5781792686259641,9.842394725291737,26.04906054230865,1.1965123372270872e-22,15.69076335416094
Chicago-Cincinnati,4.69180399144612,10,19.371564139955908,16.01551626715584,13.669645303975383,-0.6829101724202813,13.30402956940205,34.97594008810979,1.8870749917398083e-12,20.254831106997777
Chicago-Nashville,8.25246840644114,10,30.311641588672618,18.066183320694314,18.19701685022142,-0.3302026186716876,17.637411699132063,48.265381716556185,3.543748319852265e-11,12.473019233819862
Chicago-Memphis,9.195974761519782,10,38.30237678825709,21.37314221097985,17.25349313379837,-14.088389246259348,19.276588918762975,58.6621386830588,1.228446558453038e-12,-18.692306958839033
Chicago-Oklahoma City,12.603859279149631,10,100.13630415867856,42.70278571604237,54.25806407032059,4.529616822847654,54.98560466555816,78.4655840870481,1.4319581641261298e-109,130.33410574932404
Chicago-Omaha,9.730798742665424,10,46.747423008200414,18.71277707512181,16.623325218273415,-27.301144819565874,19.273850448067837,53.4826928217995,1.0462635412119543e-07,33.14305315344377
Chicago-Charlotte,12.294098946851898,10,45.192203805999995,14.846423189177518,17.50258412443876,0.019404675264737364,18.40335988372478,67.59221290699416,1.7225231850586735e-10,65.89642291729984
Chicago-Columbus,5.625856530681698,10,22.190776446668455,9.408451915848326,7.4936480476216,-3.0043982098015607,8.316931861760782,26.58464968911842,1.2450316620338042e-18,-20.51180469684793
Chicago-Louisville,4.656974871296662,10,19.200904884689997,5.765089092107929,6.376603443165491,0.11428188231005906,6.891168875000078,13.070792998092834,1.5800527836111527e-11,4.96991492519653
Philadelphia-Atlanta,12.731072662410465,10,39.51537037692298,18.201425363363104,10.755794153465084,-1.3671738831272782,7.941865079563383,57.56326722249264,5.553868248794883e-30,-85.35335753532664
Philadelphia-Boston,5.074052707707845,10,16.714934014031964,6.020230387020155,6.172308664708202,-1.7169027511010302,6.984810521360387,14.72555515117907,4.341589797113698e-36,13.974888181590615
Philadelphia-Detroit,9.2014054769662,10,52.21094585058592,9.432678052190473,5.917624520191857,-21.682904343904127,7.499604603987524,33.92193929679643,2.174348688273356e-36,-98.37079405952213
Philadelphia-St. Louis,13.991937359255273,10,63.78832944980983,16.729846643762052,9.948078204359252,-22.493128389228165,10.823167045192264,65.0551765107972,6.590890473383995e-19,21.378763085573134
Philadelphia-Indianapolis,10.250260145514908,10,50.949505968195126,17.11844544123571,13.485492245040467,-4.141820817214504,16.953216770889206,50.356464200480566,4.60006566675701e-35,-2.1306850229987973
Philadelphia-Pittsburgh,4.895254735874595,10,31.747605005225388,0.5746477831682352,-6.593632955121798,-20.024145442953145,-0.506904467149962,14.919415147341127,0.0008119631315176416,-40.66840712677093
Philadelphia-Cleveland,6.674242805845465,10,38.165314286504795,-1.69334415980479,-7.923871426996328,-16.00934866521962,-0.7133610212994784,20.24270129748593,0.14902094877827374,-49.89174431832616
Philadelphia-Cincinnati,8.887907490099074,10,43.90042519331335,20.846500838938084,21.35062769503085,-5.9822262443557594,21.208063312569433,54.91443234452754,7.69688258169683e-40,10.325302249914685
Philadelphia-Nashville,12.777229309727172,10,54.64341884011138,17.464309878576138,15.402178691416962,-1.56439051319432,13.82841492077566,66.36035585433639,3.3581324394169922e-21,28.298865062749954
Philadelphia-Charlotte,9.007877088311941,10,38.52047258339122,18.19948229322727,18.332146738309834,2.992636978668604,17.27543613468547,47.750086107817175,6.938125256448605e-61,35.741430688473166
Philadelphia-Columbus,7.262961951366714,10,37.34327400347229,14.536698313330156,17.275163615595865,-4.62222153026094,17.451051111159412,44.49343138937324,7.832440537951379e-29,17.435866022695308
Philadelphia-Milwaukee,13.340215057579139,10,68.92801644950858,12.053513694224025,9.667069789467552,-12.203108368781699,10.996952865486541,40.963177946898604,2.2141939689345255e-50,-59.7982806929344
Philadelphia-Louisville,10.592812784652383,10,43.99745079453532,12.282108582615294,11.7350680841017,-27.743597587447063,14.020685299787525,63.238102392532646,4.8412089397463704e-12,44.26953595868014
Dallas-Atlanta,13.193000074331072,10,57.432758712154495,20.874435014476468,13.940017938397357,2.3446720032738178,13.64846576784297,60.54620200275538,2.308394758534277e-43,130.77110393415717
Dallas-Denver,14.876851434182486,10,71.5630694226517,-2.1291340234588096,-0.6318835471750895,-1.6036966125744334,0.20771890263463982,41.50803475234513,0.0001386341065999281,44.94099399774729
Dallas-St. Louis,10.684612612068248,10,90.80732178561969,19.823707339423258,27.125160789751046,-0.1570814689525857,30.066498400266564,50.07542156182221,2.519679134379219e-50,41.03978250562086
Dallas-Kansas City,9.268096007923093,10,36.46822605101577,-6.846615174472234,-2.1976319269989766,-31.710637859878343,-3.78593462755784,39.60888549699184,0.00954941935061527,10.740312551615112
Dallas-Indianapolis,14.54297909122661,10,110.56609073695314,36.974114023841544,41.27207048803721,9.150675731016475,40.359459930828095,73.26763497415241,7.015778344710795e-90,78.37935777168295
Dallas-Cincinnati,15.056148088504248,10,117.8128411838693,39.92374060154863,45.313064150431295,17.76920653808138,39.68151534476612,75.6192160748516,9.973549374795578e-101,-4.681725090639475
Dallas-Nashville,10.552286149275796,10,54.22739602562604,14.367049868659015,17.303366645495554,-2.561099761775839,17.585309079780867,55.89875090617585,4.3180880042590713e-23,99.82974082548708
Dallas-Memphis,7.231129758792247,10,34.9260377813429,8.324238998758156,3.807585895416578,-7.624552012815155,11.457469333743012,46.216913169980636,0.002249103596582815,-46.9194411418669
Dallas-Oklahoma City,4.272246091986629,10,22.236658323495767,1.4421686713512554,0.2896866896239458,-0.03258718669482186,2.365247552192254,12.400515808158861,0.2550682911866471,3.2323422503407784
Dallas-Omaha,11.928158684982726,10,45.89079043128623,-4.25553050375376,1.940604380386444,-33.564245257684576,3.5466814046650166,36.68840517831866,0.10067579407343138,29.56913369095684
Dallas-Louisville,13.434449310443432,10,110.81275896504319,41.54224605200965,45.981878946628854,20.673899311601932,41.39011235418614,76.62928582674785,2.1597455022225387e-101,3.7854336062150296
Atlanta-Houston,12.686784694089601,10,46.01479136989768,5.9785711484479505,6.56161187269501,-1.7136217281549693,3.164664617052942,49.224558669559954,0.0006456804742257424,28.88629512351102
"Atlanta-Washington,  D.C.",10.425683290777872,10,34.98602914349368,28.870362558064592,22.181152809282597,-0.5435443860341698,19.091207036992618,72.04953169512429,9.568192655105359e-37,38.392471110771496
Atlanta-Detroit,11.521997262095285,10,40.19978584950562,16.887569362917283,19.05416617367203,-0.2998160219294889,18.02038375059483,71.41035975470203,1.557159682011618e-13,91.49715840942449
Atlanta-St. Louis,10.508647128464727,10,39.20757208072845,27.772070065957724,22.134404845712623,-29.45882037144524,21.655115208738515,72.91975940873955,1.2781577802258754e-32,44.20300093382931
Atlanta-Kansas City,14.44991246832085,10,95.18000993719137,48.05261492753392,53.13874715502229,16.092973128121386,55.292642920717704,83.159321227445,8.96544371791255e-122,77.47703162081429
Atlanta-Indianapolis,9.132629703900523,10,29.183469170881825,9.15763721324404,11.658631519768258,-3.0643593060827894,10.488736567465205,37.81678610810759,2.3757787681467043e-16,16.362192618528937
Atlanta-Pittsburgh,12.11321900174015,10,53.45448537772116,24.13597538987162,20.96560638613465,-2.4372938441445884,19.71405757308635,68.66884711295214,1.9384444369265025e-22,23.526395712303625
Atlanta-Cleveland,11.49872460448589,10,39.68224367190442,18.172294183680552,19.198855449128576,-0.9209408141493445,19.386275080705857,71.8379488508868,3.482837375733102e-14,54.764845624478404
Atlanta-Cincinnati,7.4227522040073035,10,23.17436448288909,11.362963151176071,11.857525133303868,-1.784549868641919,8.18067819762666,34.636603441391784,5.7956140971329275e-21,28.799257891342833
Atlanta-Nashville,5.348963339795845,10,13.946320073693991,29.985661541802518,22.22641207649831,0.25591368040055223,25.60804532262366,58.270561007313646,1.2937065924039642e-19,1.3532798331148044
Atlanta-Memphis,6.778980251915327,10,15.651717707175905,26.96726775111217,28.730652125612718,-0.9553895346017618,30.762323210617414,73.23726188810642,6.89047282015457e-13,29.444175810173334
Atlanta-Oklahoma City,14.712970265310915,10,35.16892135821911,2.93220652599572,9.95097642767336,-7.24743975830878,13.311425816952305,69.76078559676321,0.04812916024224379,44.15781639294028
Atlanta-Columbus,9.20835220007037,10,30.272814929371414,25.93643525935172,20.79372153036548,-2.052968089947538,21.02301863538292,67.68745034987298,1.877774916419591e-24,66.82808614383785
Atlanta-Milwaukee,13.417010105172434,10,49.01185356570796,15.617619911136241,14.920316431730996,-2.05160902766218,12.27118952465342,54.86625066066487,4.879720778789956e-16,44.83530534368075
Atlanta-Louisville,7.29404187820731,10,21.548969110887665,9.262206385768065,8.5233424182822,-0.8923737065730817,7.891114660582814,44.51547822681785,4.987579921656526e-10,12.76913629008515
"Boston-Washington,  D.C.",7.038035807960585,10,16.57959607032693,4.677108533544948,1.3069947672018336,0.13081876781824603,1.4481455977903943,22.982981877001183,7.488242634622004e-20,18.34976767588884
Boston-Detroit,12.865849563722396,10,90.65180381327,32.93838927914027,29.88353497774756,12.226454659844089,27.89828090209932,56.050548176912024,3.222222550740042e-96,36.467186991924585
Boston-Indianapolis,14.671523312136898,10,92.45864428965194,28.910346472968893,27.51023734491513,6.2232553492911356,30.47437382169903,61.73291390722577,1.3310996937494233e-65,93.29054052633833
Boston-Pittsburgh,9.316517902496582,10,47.01275171138704,-2.975801647378875,-11.57638617342304,-15.803904425586458,-2.0968574885248636,27.690981299228127,0.9288827253086811,-66.13745509393613
Boston-Cleveland,10.33868689260166,10,73.2940339823,29.245771108720785,26.796892449548995,10.82804522742728,28.09428639896916,56.45039436152082,7.152468121264362e-64,33.03087089426931
Boston-Cincinnati,13.309170656721061,10,86.93423415145504,36.71071292725214,34.04919022336934,18.669022791858577,34.996636605634954,70.09654195896273,1.5101672207465869e-94,125.34238750492797
Boston-Charlotte,13.566326777781123,10,46.63682238208068,3.8771756866144353,5.99642300769364,1.4249539425816844,5.783182315203678,33.54158470918437,8.510918751678208e-05,35.989523317265295
Boston-Columbus,11.6842251179887,10,52.935616512813354,1.005470695345231,-0.8838095479363779,-9.208349146320481,1.0349324905675525,35.270725810083746,0.00019184960381801603,-33.18973803318009
Boston-Louisville,15.014075951274368,10,51.51343926604127,-2.6946299327190317,1.7503180522073727,-23.349382159239894,2.9158114271659747,58.838597954124396,0.22559749139138063,5.84279956681975
Houston-St. Louis,14.451006437846765,10,85.23166357744354,33.338393620916165,35.890975663118375,12.418083554802662,34.86541781119946,62.761622993914685,3.003335038933818e-74,46.38281975023542
Houston-Kansas City,13.107351066322883,10,137.3881336801531,39.54234037164005,43.512060462418034,16.142398009720246,46.6231447831652,72.673296623517,1.8892315790969366e-70,-206.66383854710222
Houston-Nashville,13.537134240430243,10,50.66593264542171,8.83678291380388,2.8069658857575144,3.7689983727069327,2.958849904341618,48.16377785819294,0.011795771112127717,27.960278148802296
Houston-Memphis,10.215977849946695,10,36.09826185101631,2.2364186130985186,0.47599620566999296,-1.6393964444381057,1.7320751468520132,36.238083595668904,0.0009700714593031333,-11.11585167307009
Houston-Oklahoma City,8.14030838705037,10,66.88986798532983,-0.8330564621717054,-0.5814203781365218,-0.05937560084930948,-0.395370427146258,14.165930290620071,0.004509069523264374,7.154983645981545
Houston-Omaha,15.796220980046467,10,90.46961355342361,-8.599384879574762,-1.0041137701855827,-20.853491655492384,-0.1380902046534221,28.523879619934224,1.789105952556486e-10,44.99605645769108
"Washington,  D.C.-Detroit",8.316081411280411,10,46.503745286018074,24.983342187298273,24.210026129175652,-5.4502854195242865,26.42468459643431,48.30490035193599,7.082827046387207e-64,28.965266224768165
"Washington,  D.C.-St. Louis",13.10499885349095,10,62.14792356433334,34.38053940670083,29.21084523825254,-1.022321146862365,29.223844075284678,74.04866833979483,1.6386799642879616e-76,49.23979222207741
"Washington,  D.C.-Indianapolis",9.363321639750584,10,42.794597226667804,29.917900365634782,28.972995003790246,-3.2656950841318815,27.841792068416005,63.99997045089691,4.2060632136277256e-64,37.856927934952225
"Washington,  D.C.-Pittsburgh",4.009930670188808,10,24.29723705385692,1.6812823321611594,1.431223075124184,-10.247686469714846,3.122038988814073,16.299645584174698,6.003205080673065e-07,-10.957082414781265
"Washington,  D.C.-Cleveland",5.788918740159677,10,36.048923603738345,34.1808429187084,31.64477828951918,0.06346719556200604,33.65120055002905,58.97543987135288,3.902269690666424e-76,25.092759119713577
"Washington,  D.C.-Cincinnati",8.00096898433475,10,37.270187088470976,35.537516874439554,34.05371798672433,-3.5208612069625937,32.288710439350595,70.49399738375318,1.3890890249559554e-70,38.02727750946332
"Washington,  D.C.-Nashville",10.47183993809458,10,48.98321140547551,39.48899664078434,34.842713457551135,-1.6126777716710856,30.06756173893824,82.18109868571626,4.941227033113025e-44,78.3812388560964
"Washington,  D.C.-Memphis",13.792996328578127,10,51.54281141244891,28.47483704417382,29.058175066903566,-0.08694032646920359,24.69351240619958,85.83119233534445,2.881874452649053e-28,-98.14322169761613
"Washington,  D.C.-Charlotte",6.702487716679353,10,29.490355456725933,8.962457033369732,8.865456298332743,-0.7097698956870057,7.767130745516502,27.49822346860973,5.741188437982632e-23,2.288956628487
"Washington,  D.C.-Columbus",6.376023445602389,10,30.71303589862991,32.226831705077494,30.05204612886023,-1.384762645456777,30.290744696805284,55.60056804991557,2.5352807214848637e-77,35.175430763742796
"Washington,  D.C.-Milwaukee",12.454890991893354,10,61.100943760180584,19.014162039173105,20.982559124616238,-4.370949376195558,22.619406459417988,60.086262737980064,1.0282072930103413e-44,33.04151437647892
"Washington,  D.C.-Louisville",9.362515360385224,10,44.76007243573862,38.764632997406686,38.14020291632732,2.363936073491323,38.6315249233894,80.19384789484702,3.350927971574516e-56,18.49181741490316
Detroit-Minneapolis,11.401097226887867,10,51.860873683839095,41.60149590376792,40.901926559943796,3.12914679552514,28.92317550724545,64.34734609353903,8.702701017072694e-121,-138.2798978469756
Detroit-St. Louis,8.832640543306617,10,40.05881889598758,16.948728753498973,17.667916315287147,-0.6901539564537686,18.77225235673796,40.28968167124302,4.499100894861234e-38,15.727485457809465
Detroit-Kansas City,12.687536450393363,10,94.25123869770333,25.626947724555013,29.87767034969458,0.11458666235007146,30.870845499896518,49.924802071620846,1.0422079811208055e-103,28.353227886152617
Detroit-Indianapolis,5.090963329566253,10,20.61041038380431,29.350475770040447,24.057139323465776,-1.1920763566146737,23.27063938626534,44.74442678874266,1.4463796835286128e-59,7.367712098061112
Detroit-Pittsburgh,4.839707602482108,10,27.27689960388667,-1.0875971960890733,-2.268338070414949,-0.21170558509041507,0.3743960487513093,10.36891952168744,0.13605032982161755,16.528836914072702
Detroit-Cincinnati,4.17539412690398,10,17.337869498274603,2.419435996423964,0.9572302671625152,0.0,0.0,10.98606425464978,0.004528224785758572,7.617839628052785
Detroit-Nashville,9.44174335019188,10,38.3620842338108,24.81772413362543,22.679537463186303,-6.0303873551274325,19.831712975518833,56.39112916229944,5.459126985573955e-26,66.24776101316255
Detroit-Memphis,11.924263387799982,10,50.488727583643325,25.75652467400094,24.37964543691207,-1.8243485285813497,18.2200112272003,68.90267234489878,5.234494613215687e-30,-39.17565563306397
Detroit-Omaha,14.228246439326263,10,125.58187911332978,58.56617209914992,59.13292441561907,30.096946494922722,57.41074584865061,80.80461073039775,9.396774199895228e-166,-51.533832504460655
Detroit-Charlotte,11.899893313816703,10,43.687678257216724,22.925207565530084,19.626502160256237,-0.23424222405449355,20.57806656034518,67.81900142130927,1.8631728420859313e-23,47.041625751417264
Detroit-Milwaukee,6.2080645403441785,10,27.715815581558502,39.56872455048834,32.49950879408108,0.5049435497692562,30.647904991063125,58.045945484524644,6.228724576404524e-70,-13.734856922366259
Detroit-Louisville,5.804150352641287,10,26.335664464368158,35.03468436965352,33.100373902879625,0.9083524383584419,27.24372299185397,62.23980826654484,3.565612832281383e-45,-47.74159151023554
Minneapolis-St. Louis,10.541686642922826,10,80.63434764617188,58.04946081929623,54.95554009629593,17.202008017641877,54.680986849404825,77.05669708403501,3.103991086206343e-149,13.387036539259896
Minneapolis-Kansas City,7.009586783269123,9,50.13728104838811,0.5165525445309728,2.6105785055894186,0.023498239637340428,0.0,13.367763414621239,1.256535875682711e-05,25.615663617026154
Minneapolis-Indianapolis,10.655133337582308,10,44.12803079049537,24.095184637167577,22.544008393019404,-2.5063226293943717,22.694687715682534,50.83732974087431,7.690202970051781e-29,39.36366283097765
Minneapolis-Pittsburgh,15.170531947597567,10,69.91300859831804,19.43752863740995,16.508925050015765,-0.950037715613416,15.936973628685658,48.591165144495584,1.3821755300664145e-29,55.344558246762716
Minneapolis-Cleveland,13.241181433042833,10,54.6150206697046,25.912685690171983,21.603422057920078,-2.196336627592032,22.263810420494444,58.96328420591819,3.4639719496336875e-42,58.12578535499778
Minneapolis-Cincinnati,12.38462596599059,10,51.12491986939859,22.765270041975562,22.827694763647237,-2.9206300272921424,22.018145491985333,66.5864195676266,4.373239371954685e-20,89.95855343420854
Minneapolis-Nashville,15.417575444035135,10,69.07427006215995,30.332264468834893,21.336067647405912,-5.786299514852351,18.20598721480989,67.2717420535549,9.348850905695054e-65,122.34472120564881
Minneapolis-Memphis,14.982919146922894,10,127.41852492462279,60.9912534359805,58.032919250809634,16.441229096119972,58.89959909020384,82.10355039024887,8.945041623994845e-145,122.84464653522534
Minneapolis-Oklahoma City,12.538359671401283,10,67.34569681372469,19.63107761899183,29.880070353329085,-2.624821376355957,32.332732698198036,61.55755612195155,9.156670135755672e-46,94.03496266226632
Minneapolis-Omaha,8.331415757304356,10,44.43169719837973,27.058168672802005,25.74918133351286,3.580239182556695,27.830598244449103,51.34256029646211,2.9907607602411733e-102,-0.8368255599809515
Minneapolis-Columbus,13.318678505226172,10,54.92440257963666,22.818257308621675,19.976882462766007,-2.011879476615047,21.519350902496793,60.31988683223677,2.4751284663977873e-27,74.61120625281939
Minneapolis-Milwaukee,6.587217331518906,10,23.669811616708817,20.924920705693648,21.440352704290664,-1.2966020193914127,22.689838851314114,42.59221939717849,3.162541622844271e-21,-6.022083691095137
Minneapolis-Louisville,12.349796845841134,10,50.95426061413267,25.712796057318002,23.05570674621374,-4.796313520217752,23.57202189738404,56.074322486379124,5.038684450228739e-33,40.55756660595449
Denver-St. Louis,13.55863709122565,10,101.22797989419466,30.21591594684972,38.00298875580921,-3.2377575240697385,37.565197177229024,67.41486294089323,1.982713997425828e-68,105.56900660857664
Denver-Kansas City,9.617371751369527,10,46.60889629494297,-0.7784835171083171,2.4284241712107124,-11.277369124488157,2.6783990526733295,37.018258060601255,0.0292986871282074,46.22983807347332
Denver-Oklahoma City,10.94840022093895,10,48.92939344937186,3.485804688432462,2.9572844917108054,1.4460095379515672,2.9956814423040283,42.45060293392689,0.004057375242869043,-14.558499877662072
Denver-Omaha,10.677377050266676,10,53.855918178207354,18.413510199192046,16.241469518984054,0.7306858607218386,17.221102814102412,44.0496162856887,1.0269096461776164e-23,21.091925659913855
St. Louis-Pittsburgh,10.217547193211425,10,55.603442381411014,15.536655528115874,16.9559014481214,-1.499101825175289,18.960674549100073,49.19524073759055,8.605375255063873e-29,47.06832293822998
St. Louis-Cleveland,9.044503198919564,10,40.92473002331254,6.922730207636178,6.747762608516474,-3.1505812022544757,7.379277485932444,33.15275884821512,2.547928988829561e-12,21.267092479348335
St. Louis-Cincinnati,5.649908013956529,10,27.09700014853372,10.833800829362817,11.440937142484039,0.015103896758356838,11.329633238143117,36.403819667946706,6.816461871091365e-15,14.264595201754204
St. Louis-Nashville,5.1596837886688816,10,23.412204014065335,37.574555219293934,36.4348051858111,-12.530327396362965,36.314214937899266,61.798746882405524,6.5328830824240584e-49,30.7192157971871
St. Louis-Memphis,4.559887795724288,9,49.268548867052345,72.56816070055918,71.70688520971034,14.045483054896673,71.76739723856784,81.6528910992485,1.620209438649557e-149,29.81886575326346
St. Louis-Oklahoma City,7.894403834614781,10,73.36628720018918,4.181391849957068,8.944619351294145,-0.34608981550780593,8.325578158255613,19.458255815612382,2.143740330682419e-21,32.42141349920896
St. Louis-Omaha,7.266361403407258,10,86.07360590157306,32.28042091319909,32.26889208024664,3.780272963568387,31.915685045312014,41.236488615775365,3.4691543070817515e-159,57.846273078814505
St. Louis-Charlotte,11.6923696894094,10,43.50830320433139,33.76531196764235,32.802019400570295,-27.11114665849867,32.096016434355995,81.8474918198864,7.205012040970137e-43,110.19491615112891
St. Louis-Columbus,6.777506406794196,10,31.67586213502179,4.108546933011197,4.8241033381232645,-0.5312996725849272,4.56228353294598,26.55999127312659,1.5312565431179346e-08,20.505756593734503
St. Louis-Milwaukee,5.944431899557149,10,32.70379708078807,4.697605244895821,6.61215146542791,-1.985652293357632,3.1229020034721,26.499609113624608,1.1682179917103153e-09,30.58702724244098
St. Louis-Louisville,4.144200183258448,7,20.07885777187692,6.8634164023689985,7.38324073721826,-0.48167417607491514,7.886725010128526,22.80339681029064,1.9556062399587952e-10,7.336301019470142
Kansas City-Indianapolis,7.713262386245108,10,74.07721546903363,32.01798660495528,32.41364789652731,-1.0242331675374836,32.13097904116927,44.403052462766965,2.3801029818591048e-132,46.45615497311424
Kansas City-Pittsburgh,14.07244310029817,10,109.84652092640016,25.85308680702265,24.43432661176573,-0.5727105633707629,25.61595184691451,47.00665182186011,4.499446101086351e-133,64.7911389470088
Kansas City-Cleveland,12.899399106006308,10,95.15169579072864,30.430069472712766,28.56409920917039,0.635003257069954,28.767471554457373,45.81713473874901,9.101251499318322e-136,42.71161169937745
Kansas City-Cincinnati,9.504803921043274,10,81.32396591594978,30.61571516598001,30.776149139154487,-1.3346425640346862,29.70516132920916,46.905658355320284,1.1356544875744644e-134,55.55176251989845
Kansas City-Nashville,9.100949128525006,10,78.09728423652702,15.52901134905356,14.467595834226051,1.099004639903126,15.58172533642747,35.092564784227,1.226294938987869e-49,117.42947217327192
Kansas City-Memphis,8.347131408796217,10,79.7032018605992,70.70798565914426,70.69067421257184,17.88821487978999,69.5287191880069,85.97718800228405,2.528505797911506e-157,52.950757696035424
Kansas City-Oklahoma City,5.585853801748074,10,18.67629608858672,31.159489815679617,27.489224099841973,-47.599872243811426,24.346536071861944,61.4441668628037,6.606896796133738e-88,-38.01314603682981
Kansas City-Charlotte,15.633635029265525,10,101.08696189936651,41.07406637505609,37.62499784437934,5.285225920377811,40.02149689019457,67.21667308142763,1.0517457373505486e-113,-44.53588486127856
Kansas City-Columbus,10.632402313880942,10,85.90282790243792,28.138444628745916,27.681410058286467,-0.7363913370929113,29.316635469109134,45.167760536884565,6.464787604409192e-121,58.528792095059785
Kansas City-Milwaukee,9.070053697162155,10,80.84434838511525,35.11004307441476,33.69026891374482,13.59387691664395,31.073753741152515,50.285441764591155,5.130828443716583e-144,-22.782152843340207
Kansas City-Louisville,8.085465523114573,10,74.76393799433856,-5.249559504531922,0.6569280053268153,-0.9634920798815089,1.2738079638199835,11.544764317148578,3.764877741904089e-27,37.28763852555559
Indianapolis-Pittsburgh,6.47586997947106,10,36.155033869227736,6.482991480359271,6.111832967815632,-1.8627301181451434,6.260628943244944,21.877037228286717,3.9842546804166787e-25,26.293398299203794
Indianapolis-Cleveland,5.3028259851792,10,21.47632151112926,10.514420139513918,10.440972043540366,-6.511644890872783,10.172818731501565,27.863703144747927,3.061885223558696e-09,12.625745511407462
Indianapolis-Nashville,5.594201194109791,10,20.75173917043786,7.2250371770527595,7.197147482912939,-0.4692599229002165,7.842840952417663,22.897178598231005,1.6434062236664598e-10,5.5941925193851105
Indianapolis-Memphis,8.07672123171789,10,28.670612816434588,16.03883979774933,15.252109529654263,-10.5715838561993,16.012634250368826,55.44479645621762,4.120128457543002e-12,-22.047845820449083
Indianapolis-Oklahoma City,11.75277031377314,10,93.1418790806579,43.66391433851593,49.65005461644478,10.543661405162478,50.215971124381305,74.29653555602482,8.230273371565128e-112,127.75256069522662
Indianapolis-Omaha,11.038358449796242,10,95.6224112330747,53.91571226525841,51.71874367707281,2.392990627038559,53.80937342142564,75.18605319751757,3.1292762471777804e-135,4.007082896855572
Indianapolis-Charlotte,9.510525755621945,10,33.4692313023945,15.827983259258087,15.144485557078662,0.26250912531055637,16.29073021869853,59.53787870318617,1.0666765356104339e-18,56.54757276508587
Indianapolis-Milwaukee,4.463118573079795,10,19.728935322458792,6.754105801519817,6.1692728753030215,-0.585187326143913,8.6774229374623,22.710492848837784,1.180023419415898e-05,13.372234484345746
Pittsburgh-Cincinnati,5.113517324055225,10,30.630623731030933,5.423400002807107,5.002012330142788,-0.4087016930879822,5.749452635225857,16.083183787536274,2.536153213546779e-47,16.548853972113786
Pittsburgh-Nashville,10.456015616159126,10,51.96728659822519,15.345878322803188,15.629798850097792,-3.2428171482828203,18.37539571041788,60.65067561928517,2.2043098310077797e-17,82.38623646459409
Pittsburgh-Memphis,12.938535653767227,10,59.95802179780968,13.439590327113658,12.799769442423928,-8.3338683786993,17.688051459209742,65.32769420185308,2.846630195039439e-13,106.66866743321009
Pittsburgh-Charlotte,8.390023427641628,10,50.01946225536158,7.340032371271027,6.8116791016066,-2.591024436347164,8.874045965658883,26.557071186350072,1.9841666383478707e-05,27.274403512099354
Pittsburgh-Milwaukee,8.978517183095056,10,45.483810386682926,4.704428110110449,8.598204345919218,-0.04396703332592221,9.991020390815697,31.136394135083084,1.399967197176505e-05,64.11628978562547
Pittsburgh-Louisville,6.8184226186085315,10,37.61427517939038,15.568377374335888,17.693400205116003,-2.702332652779074,15.50475100046503,46.51902995181062,1.259143659572031e-35,50.60922935161754
Cleveland-Cincinnati,4.075972400478588,10,16.50787918901533,0.31702893289432177,-0.10523223052712054,-0.3485168453135006,0.0,7.00994268255865,0.47563859422433774,5.715274090532354
Cleveland-Nashville,9.418470692582487,10,37.844542056209605,13.735812902982746,16.48470966174101,-8.839709319672192,17.845886088182052,60.85361028163638,2.0102180328573807e-09,86.25109612673509
Cleveland-Memphis,11.900990730190587,10,45.835277255794075,4.882170566676577,8.67976877151191,-13.04714550682001,9.977890447176884,54.15368712295564,0.001311300412157013,78.13794038359532
Cleveland-Omaha,15.069348567522402,10,68.44560249815005,7.862153881973771,10.750189979238051,-26.044569340747515,13.755209127326323,49.041968056977645,0.0007784608255015091,44.608145464561666
Cleveland-Charlotte,9.697719173042383,10,43.17013607961553,24.411595392051805,23.891046532928993,-5.745806589370798,17.025337025465927,61.587362502107325,2.844618604592392e-26,-77.80124645682503
Cleveland-Milwaukee,7.049166668540318,10,30.215925201668014,20.275326789081465,19.03043794780609,0.4176404556227191,22.390869275110934,49.092151195552525,1.2264439857601546e-32,71.41851493865698
Cleveland-Louisville,5.7808776950318945,10,23.491530637374787,6.2069670246977955,10.410639798827438,-11.915236318618636,11.104948442290576,40.399271588170514,2.6078994091725164e-06,48.16498007790011
Cincinnati-Nashville,5.342498292103903,10,21.336662867194285,24.76764157454854,25.58216387419696,-7.964234106082964,25.777872039999945,56.37176829132931,5.080493205514482e-21,48.246362608100085
Cincinnati-Memphis,7.825018329712001,10,33.96993053129118,37.34523138170228,36.151313196392486,2.4947111036615794,29.297202780719257,74.56657372036139,1.5830853991932803e-42,-64.3254077513107
Cincinnati-Oklahoma City,13.54431184857131,10,100.35571078783734,49.01824798709371,49.948394035478216,20.494861441252493,50.939793827103486,79.43302351264337,2.5777788046788157e-144,112.27952484707814
Cincinnati-Omaha,12.829899984594412,10,112.70353671414854,56.61542897626693,56.83324059020707,13.175053434471193,57.148694605954866,77.82024175792147,6.858393397726094e-135,77.86393644634657
Cincinnati-Charlotte,7.800648255728723,10,26.662256890600208,22.24673362376289,23.728403143208443,-0.03512091984224684,24.392859126716143,69.55182226302875,1.1205675638821628e-16,48.49071255976373
Cincinnati-Milwaukee,6.192611201488078,10,26.725824401362008,16.2997874448452,17.589607799520905,1.1716570082045523,17.036845831009398,34.887820183549024,1.8942385363847612e-26,24.15603130996926
Nashville-Oklahoma City,11.271294271503791,10,30.67277006314268,-10.221251120203371,1.0227606588710203,-7.49029547873471,5.4410476658935805,51.045453502256464,0.003473632052280222,26.937572113127537
Nashville-Omaha,12.426045192076142,10,109.4856659441552,61.680748052895915,62.15563501585287,5.490921739564688,63.57287871457972,85.8755661064737,1.7967271487402016e-165,155.60737354545412
Nashville-Charlotte,6.532685900740518,10,20.09609919026605,28.625845563548992,24.748596922771924,-7.670250845453954,23.50855135083689,61.55169500181762,1.368279823494229e-30,61.98245894091757
Nashville-Columbus,7.12809828816697,10,32.697681367988075,29.43886751470838,27.849760977066484,4.052268550025866,21.415952631444988,57.04659728976255,9.248281908620244e-30,-50.376073702068815
Nashville-Milwaukee,9.7532756164831,10,37.66590185007872,13.748420116975725,15.151702223480534,-0.17315210240018267,18.636534494725197,49.9843589225164,2.0655175625944913e-12,15.91249332096691
Memphis-Oklahoma City,7.950137881020246,10,19.665233409297365,-5.116493553392151,2.5098868160225627,-8.438464516718518,1.3110334369688044,35.157773693281364,0.013051507244034307,14.629128227996375
Memphis-Omaha,11.672227472347355,10,111.32738606737058,59.45928135107272,63.5946808131512,23.93290399465764,64.79536733110749,87.54868826924677,8.012535762079582e-123,73.1865292469444
Memphis-Charlotte,9.853842291224064,10,21.43819382072351,26.850528125706013,20.659112977801374,-3.668908419843286,21.005366941005462,84.91510551552182,3.870346904057481e-21,8.77358774247746
Memphis-Columbus,9.61061832577507,10,40.409892709467904,29.10521226367381,31.80886129483945,-3.6268690799309082,23.026850049347694,67.33432910235165,2.1939053191325075e-43,-38.227337311040586
Memphis-Milwaukee,10.504319695281438,10,46.125451277254356,20.94086647921742,20.69542101960104,-8.129819298364762,22.186291885309927,56.25924070520341,1.4630526082760324e-33,-27.160290378279974
Memphis-Louisville,6.203319551651185,10,22.685152245882385,26.8136988998662,30.707442773120764,-20.61461935625772,30.47051171965216,65.04338795815224,4.2360424356117765e-20,37.84414073358086
Oklahoma City-Omaha,7.911158957309837,10,24.628728212700462,4.990178730202299,10.60403856360499,-21.378283839336262,10.516301932013674,55.64167384341597,3.1883466091572164e-05,27.75459806192595
Oklahoma City-Columbus,14.671910241408979,10,105.13445497254602,46.84864727990734,48.89473188039681,14.658396619992487,49.279619501014395,77.03921176648093,4.7459677052232555e-143,107.80314919767503
Oklahoma City-Milwaukee,13.83883573417193,10,106.05941175006824,46.856423303892726,50.52713060825484,8.798943083910496,52.665301094833985,79.20784292280648,2.7605153179466705e-116,112.12685550484866
Oklahoma City-Louisville,12.038604017873231,10,93.53955438517113,51.18289995284283,50.83479401824653,26.001982428222092,52.182346593532934,79.61991049116163,5.672937028602357e-145,101.38381738527696
Omaha-Columbus,13.957498377432078,10,117.2913535815493,58.36906624718134,56.23401927776248,12.14128396527646,56.10914418053447,72.84576080857447,1.4727274568600981e-148,89.51558207412276
Omaha-Milwaukee,10.391882671197388,10,54.87879709540342,35.720257278986956,32.53183700215475,-6.086280660432914,33.134416444518,69.3070676752401,6.854674211844834e-126,43.67883296703926
Omaha-Louisville,11.410561586665708,10,106.15246367344997,62.66839128915231,61.2560258793558,3.098011317514329,62.12188814241822,80.13126486427028,9.934193180081021e-159,79.26127371589286
Charlotte-Columbus,9.204034809204142,10,33.76070733708252,25.160760514539948,19.182822555942124,-2.5291299024909226,13.543650546084612,60.961351081083265,2.9231773850058687e-30,-4.588697192818252
Charlotte-Milwaukee,13.794906156893854,10,52.49306044771335,12.25810187500437,10.714662312590232,-0.2533544114803917,9.377354147807749,59.57460790455448,3.01084408885338e-11,59.32294923281361
Charlotte-Louisville,7.67193792992873,10,26.13414405289125,12.256797128086511,7.534172039166756,-0.26388899020021794,6.036554614105804,43.71349177760805,4.582650593223155e-19,27.401168291269506
Columbus-Milwaukee,7.126663740723657,10,30.52530711160006,19.894643900011342,23.554746239407418,0.7455736525627394,25.269876339151207,52.757725961255886,5.463104330247747e-21,48.87827542311604
Milwaukee-Louisville,6.157782081338618,10,26.555165146096098,8.967779375704762,8.742819926332675,0.13619519170978314,11.024468089852881,27.532363920661393,2.744373728744732e-06,10.022166567557935
