od,pred,pred_recal,markov_roll,markov,blend50,reactive,oracle,static_roll
New York-Chicago,39.66765216432732,39.45176573148103,36.27275423241434,37.6248460902601,39.17117562943356,38.49460699192986,63.97419606232192,27.102442862952117
New York-Atlanta,18.157471711257934,15.841780815608699,10.925649483130554,14.183462629297413,13.493092653039241,14.26281464872018,58.96366057068034,-0.8472290795338319
New York-Detroit,28.680689018760862,28.95300475970399,25.66801305676861,26.20994491175905,28.723339467377276,27.98738762802746,44.1720697679193,21.69902255002651
New York-St. Louis,15.214273545906607,15.837856684316787,8.406346926793276,7.549671822915059,14.867299724385285,9.006196825407507,62.16002864996899,5.5722015436598635
New York-Indianapolis,23.273255599690657,20.76084037251969,17.496718416015987,17.915270691943313,21.278428950232477,21.464122154654877,58.45247472359329,1.7728872278182797
New York-Pittsburgh,11.779775947274423,11.718044584327723,9.997114242543145,6.647033165887874,10.8365283295946,11.76829874248109,30.689503920847812,4.5207210392380235
New York-Cleveland,39.800969091244184,40.057544278673426,37.26428341322705,36.24335137995216,39.333419834204214,36.430456808806944,53.49502393059745,35.68451344469992
New York-Cincinnati,28.3656106585062,25.264463473843314,23.631250000367338,23.754062489541862,27.11543386096948,25.339546125542945,63.45598833747398,8.074390896619056
New York-Nashville,24.950890339195066,23.38778212852012,26.784142534668522,21.799713956067983,26.47708475571494,20.0119154103397,72.32559995021094,12.945889445800516
New York-Charlotte,8.350900071339312,5.1363266297444765,6.212969175296268,9.985310788355843,5.4854513944207515,10.641357118953398,43.63691694274204,-7.174219384758463
New York-Columbus,-2.6823475870843017,-0.9778359241855786,-3.5518351937082917,-4.792803706671914,-1.19997918328202,1.1158747742046757,31.761115232964407,-2.915305530951239
New York-Milwaukee,34.01373800590442,32.71548418566235,31.28984715459076,34.05413952236336,32.86360425095148,35.51453451127972,64.15720639600652,20.668536810039587
New York-Louisville,15.363538193201823,17.137953549806117,9.63248041133057,9.452795546387149,16.56934454862648,13.863136953125315,64.22384801042278,-1.2481517305521537
Chicago-Philadelphia,1.5496630399882265,8.464446985343303,8.413123306014848,9.422746996784712,9.894884886319856,7.56014718743163,37.89872150524029,-0.9673014702303697
Chicago-Dallas,41.33265031634995,41.875575415672486,41.5261485799421,44.434744957437964,43.573602040429634,44.758128736300385,76.69077258620554,25.89106240413085
Chicago-Atlanta,17.997127735698186,20.57242838482825,19.176413700712974,16.26750260669608,21.210592265193625,16.826309347719995,55.725483006469844,-4.5019416919079145
Chicago-Boston,22.99593858787885,28.232125018359813,27.351318107856688,21.890848236599,30.641035564746492,19.386038515089105,54.289221731565235,22.54319245275561
"Chicago-Washington,  D.C.",9.160321140030055,10.031532998920413,12.998657180513879,12.479871989962183,13.405741993315363,15.044076385872552,53.351850482926075,-2.520330671381819
Chicago-Detroit,20.635432105807308,19.193658181422943,14.181424277006492,17.749337529264597,19.52973990304406,14.415091778850416,34.40802214294803,6.360956107297742
Chicago-Minneapolis,30.1482404775591,28.927708572736634,19.260010991593187,26.99675961221289,26.999798166255292,29.941773440054153,50.83680282358999,-0.9986764852389286
Chicago-St. Louis,12.735293865604037,12.267381740470846,15.078020084625706,15.406770131282515,13.330832497669686,15.66542670343616,33.663339757618374,-5.909739413039997
Chicago-Kansas City,33.41179606666123,32.49011690101692,31.351194938174164,27.908765509851342,33.44910470837481,31.83992888482549,47.70771416838414,27.511066597048895
Chicago-Pittsburgh,4.102513230768971,4.990349317008132,1.6586687297314788,4.069370149406088,5.372160913562617,5.200773028606164,24.23790455447606,-0.9024093360879794
Chicago-Cleveland,11.452555930319871,11.441986840237808,6.6847652480919955,9.753065218106794,9.481940396312085,9.842394725291737,26.04906054230865,1.2917669878382967
Chicago-Cincinnati,16.01551626715584,14.389936871957838,13.714545277042793,13.669645303975383,15.051974734776746,13.30402956940205,34.97594008810979,-2.7383151352218267
Chicago-Nashville,18.066183320694314,14.99181026427361,16.354949468731935,18.19701685022142,18.021819041259356,17.637411699132063,48.265381716556185,-1.8166270113304297
Chicago-Memphis,21.37314221097985,21.6162151565881,20.696988651197707,17.25349313379837,21.831570591116293,19.276588918762975,58.6621386830588,-4.707954522361109
Chicago-Oklahoma City,42.70278571604237,47.90810321124838,50.46733062071947,54.25806407032059,48.36401623693169,54.98560466555816,78.4655840870481,39.969037514323276
Chicago-Omaha,18.71277707512181,22.024186136959553,15.701852141569676,16.623325218273415,21.876595871089986,19.273850448067837,53.4826928217995,11.149717726096066
Chicago-Charlotte,14.846423189177518,19.21544301656771,19.055553827229655,17.50258412443876,20.904581629280894,18.40335988372478,67.59221290699416,7.336484814120104
Chicago-Columbus,9.408451915848326,9.83908215949544,8.920643462115223,7.4936480476216,10.353350276970923,8.316931861760782,26.58464968911842,0.28284879917039274
Chicago-Louisville,5.765089092107929,5.786485364530321,6.528475440065977,6.376603443165491,6.234764146102281,6.891168875000078,13.070792998092834,0.0
Philadelphia-Atlanta,18.201425363363104,14.621997654027016,10.114691589947059,10.755794153465084,12.158203781327124,7.941865079563383,57.56326722249264,-5.939425093397887
Philadelphia-Boston,6.020230387020155,5.699386656279928,5.155096978430138,6.172308664708202,5.852116829564396,6.984810521360387,14.72555515117907,-2.937595214252068
Philadelphia-Detroit,9.432678052190473,9.198621404583285,4.820923010464541,5.917624520191857,8.63890508430713,7.499604603987524,33.92193929679643,-0.9410964987011581
Philadelphia-St. Louis,16.729846643762052,18.49935857006483,12.24831940483124,9.948078204359252,18.50203306498768,10.823167045192264,65.0551765107972,2.5523762019934293
Philadelphia-Indianapolis,17.11844544123571,15.613183878563312,12.377102953194465,13.485492245040467,16.897648310084346,16.953216770889206,50.356464200480566,-2.2924145810493886
Philadelphia-Pittsburgh,0.5746477831682352,0.007996924058090283,-0.27632496008706325,-6.593632955121798,-0.0921288302701453,-0.506904467149962,14.919415147341127,-0.5840167670691541
Philadelphia-Cleveland,-1.69334415980479,-1.8280975445082024,-2.0861734230991673,-7.923871426996328,-2.624651284020771,-0.7133610212994784,20.24270129748593,-1.2418105435626785
Philadelphia-Cincinnati,20.846500838938084,21.75991296093738,17.85273764020914,21.35062769503085,22.156152062264162,21.208063312569433,54.91443234452754,-0.43184292435973654
Philadelphia-Nashville,17.464309878576138,13.984669975023916,15.723673161154686,15.402178691416962,15.316793939737881,13.82841492077566,66.36035585433639,-8.44613998420738
Philadelphia-Charlotte,18.19948229322727,13.40594278644685,14.240092490474598,18.332146738309834,15.578295385042516,17.27543613468547,47.750086107817175,-3.0530524020078733
Philadelphia-Columbus,14.536698313330156,16.3463478972188,11.505108027020327,17.275163615595865,16.16196304230156,17.451051111159412,44.49343138937324,-0.09999301542339653
Philadelphia-Milwaukee,12.053513694224025,8.899111916808138,7.253706871045455,9.667069789467552,9.827810186574013,10.996952865486541,40.963177946898604,-5.101902745191296
Philadelphia-Louisville,12.282108582615294,13.374803904045152,12.686501787494453,11.7350680841017,14.101003370946462,14.020685299787525,63.238102392532646,-13.187530396000767
Dallas-Atlanta,20.874435014476468,19.907941497636056,9.942512122225287,13.940017938397357,16.386115164595022,13.64846576784297,60.54620200275538,4.106601995243929
Dallas-Denver,-2.1291340234588096,-0.8438959347165259,-0.15004040569274246,-0.6318835471750895,0.586917075687028,0.20771890263463982,41.50803475234513,-1.7196189295825244
Dallas-St. Louis,19.823707339423258,25.89342781325807,29.622906709595505,27.125160789751046,29.28446704100169,30.066498400266564,50.07542156182221,21.451515367966774
Dallas-Kansas City,-6.846615174472234,-0.7027066534525599,1.7266801923208506,-2.1976319269989766,0.5664817402303841,-3.78593462755784,39.60888549699184,-7.337582401733557
Dallas-Indianapolis,36.974114023841544,43.131475421813,39.74936435558486,41.27207048803721,42.35524735359601,40.359459930828095,73.26763497415241,31.754442437673617
Dallas-Cincinnati,39.92374060154863,47.120593642525925,44.95372974310709,45.313064150431295,47.094799121320946,39.68151534476612,75.6192160748516,37.55073566792525
Dallas-Nashville,14.367049868659015,15.56233413769511,12.713355979363282,17.303366645495554,12.938659925604501,17.585309079780867,55.89875090617585,0.08617509275390388
Dallas-Memphis,8.324238998758156,8.249728739515842,2.0663247334511436,3.807585895416578,7.294372881121838,11.457469333743012,46.216913169980636,-10.661649801361257
Dallas-Oklahoma City,1.4421686713512554,1.2364079178545015,0.7964444264961641,0.2896866896239458,1.3549058203776578,2.365247552192254,12.400515808158861,0.0
Dallas-Omaha,-4.25553050375376,2.022774062760709,0.5579312759006648,1.940604380386444,2.26789939872703,3.5466814046650166,36.68840517831866,-10.55314165081403
Dallas-Louisville,41.54224605200965,47.92082294204801,44.64853910439187,45.981878946628854,47.611042606948715,41.39011235418614,76.62928582674785,40.35040339246438
Atlanta-Houston,5.9785711484479505,6.548928556941766,5.197969991808369,6.56161187269501,6.28370513347592,3.164664617052942,49.224558669559954,0.26787509712480406
"Atlanta-Washington,  D.C.",28.870362558064592,28.64171542098321,16.070713185874975,22.181152809282597,25.762522515175256,19.091207036992618,72.04953169512429,0.5684062227590969
Atlanta-Detroit,16.887569362917283,13.799512389729596,16.153025976101826,19.05416617367203,15.566270001594248,18.02038375059483,71.41035975470203,-0.0815554297497687
Atlanta-St. Louis,27.772070065957724,28.48517220807582,25.160586988478524,22.134404845712623,29.809238932750233,21.655115208738515,72.91975940873955,18.17235187394237
Atlanta-Kansas City,48.05261492753392,52.85092239446075,51.50678072291719,53.13874715502229,53.94752530668769,55.292642920717704,83.159321227445,50.659599620932156
Atlanta-Indianapolis,9.15763721324404,9.983197106555636,9.06991819389451,11.658631519768258,11.696391412596988,10.488736567465205,37.81678610810759,-7.008901775864301
Atlanta-Pittsburgh,24.13597538987162,22.37096522195744,18.072776253728,20.96560638613465,25.209686529165424,19.71405757308635,68.66884711295214,8.373955306863117
Atlanta-Cleveland,18.172294183680552,19.353652864386778,15.31048682896562,19.198855449128576,19.711207765896575,19.386275080705857,71.8379488508868,0.6225307876327814
Atlanta-Cincinnati,11.362963151176071,11.707294943003246,11.334850112865885,11.857525133303868,12.519167481597952,8.18067819762666,34.636603441391784,-0.26306237924761106
Atlanta-Nashville,29.985661541802518,28.94506597901862,25.838694944529333,22.22641207649831,25.47294215764391,25.60804532262366,58.270561007313646,4.468227133364225
Atlanta-Memphis,26.96726775111217,23.649509497941946,12.779352914090408,28.730652125612718,25.117603394834827,30.762323210617414,73.23726188810642,-15.943992411139355
Atlanta-Oklahoma City,2.93220652599572,4.3272601525264855,4.769109595939509,9.95097642767336,10.001907622300951,13.311425816952305,69.76078559676321,-10.209623851361528
Atlanta-Columbus,25.93643525935172,22.976657399775352,15.718745138561792,20.79372153036548,22.754317495308324,21.02301863538292,67.68745034987298,4.809593806852836
Atlanta-Milwaukee,15.617619911136241,15.259099840930514,13.706737856627042,14.920316431730996,14.201616222712369,12.27118952465342,54.86625066066487,-3.1942520268145054
Atlanta-Louisville,9.262206385768065,8.518935866372132,7.980071585960682,8.5233424182822,9.997649248209221,7.891114660582814,44.51547822681785,-4.486968903371291
"Boston-Washington,  D.C.",4.677108533544948,4.36590399403774,-2.037361353352486,1.3069947672018336,3.542096714208421,1.4481455977903943,22.982981877001183,-2.1480285645906396
Boston-Detroit,32.93838927914027,34.779404640731315,33.79417911588601,29.88353497774756,34.88811878505026,27.89828090209932,56.050548176912024,29.83317354819894
Boston-Indianapolis,28.910346472968893,34.57993493772538,31.406053091696833,27.51023734491513,32.37975877935875,30.47437382169903,61.73291390722577,22.41280776588938
Boston-Pittsburgh,-2.975801647378875,0.04722709926908975,-3.797880077323875,-11.57638617342304,-0.02268069618480201,-2.0968574885248636,27.690981299228127,-7.2101170578833695
Boston-Cleveland,29.245771108720785,34.029474380159456,32.33917105479109,26.796892449548995,34.13755446665858,28.09428639896916,56.45039436152082,31.628047984857403
Boston-Cincinnati,36.71071292725214,40.405586150314484,37.469959651922885,34.04919022336934,40.2260520862826,34.996636605634954,70.09654195896273,30.12226209551253
Boston-Charlotte,3.8771756866144353,4.197948885113121,1.3379941622486158,5.99642300769364,3.7940485522260095,5.783182315203678,33.54158470918437,-5.414454508612132
Boston-Columbus,1.005470695345231,3.5279321690645324,-0.12308682331077678,-0.8838095479363779,3.7057863295172657,1.0349324905675525,35.270725810083746,-2.3928817513294534
Boston-Louisville,-2.6946299327190317,3.094198809874576,-1.5561408010263895,1.7503180522073727,2.8512241154711466,2.9158114271659747,58.838597954124396,-13.217427434577472
Houston-St. Louis,33.338393620916165,35.88469459959698,36.01996128639218,35.890975663118375,37.037177529166,34.86541781119946,62.761622993914685,35.468511808371744
Houston-Kansas City,39.54234037164005,42.953486618320945,46.63815927610944,43.512060462418034,46.291729188025734,46.6231447831652,72.673296623517,41.871788585468565
Houston-Nashville,8.83678291380388,8.51391311587726,10.058779252652991,2.8069658857575144,10.253802263583786,2.958849904341618,48.16377785819294,7.575238286673262
Houston-Memphis,2.2364186130985186,0.2497831018355286,1.4903965954128238,0.47599620566999296,2.2871712737990197,1.7320751468520132,36.238083595668904,-1.1128456641416935
Houston-Oklahoma City,-0.8330564621717054,-0.894884598401089,-0.13320398740861952,-0.5814203781365218,-0.14573756482750821,-0.395370427146258,14.165930290620071,0.0
Houston-Omaha,-8.599384879574762,-5.85446432551927,-4.346168836114628,-1.0041137701855827,-4.239490162645511,-0.1380902046534221,28.523879619934224,-5.918022524202336
"Washington,  D.C.-Detroit",24.983342187298273,24.293851934879473,24.434034834148633,24.210026129175652,24.75662513641116,26.42468459643431,48.30490035193599,-4.634804674250435
"Washington,  D.C.-St. Louis",34.38053940670083,35.28270349913995,30.957236083003423,29.21084523825254,34.946574601521085,29.223844075284678,74.04866833979483,7.907748510207015
"Washington,  D.C.-Indianapolis",29.917900365634782,29.902437254058025,28.07024469943914,28.972995003790246,30.64121715136911,27.841792068416005,63.99997045089691,1.6343494160280803
"Washington,  D.C.-Pittsburgh",1.6812823321611594,4.134353964056177,3.926886397645372,1.431223075124184,4.183301175599442,3.122038988814073,16.299645584174698,-1.5608659702973857
"Washington,  D.C.-Cleveland",34.1808429187084,32.47936046136922,31.79885424849941,31.64477828951918,33.097208300789646,33.65120055002905,58.97543987135288,6.548204582062488
"Washington,  D.C.-Cincinnati",35.537516874439554,35.02526243912502,34.500346898917854,34.05371798672433,34.886354602125614,32.288710439350595,70.49399738375318,2.9974479826241396
"Washington,  D.C.-Nashville",39.48899664078434,39.55799692482193,36.16007709736228,34.842713457551135,38.39906320355278,30.06756173893824,82.18109868571626,7.283917557339817
"Washington,  D.C.-Memphis",28.47483704417382,31.05635378403293,31.05641651236699,29.058175066903566,33.852351316885354,24.69351240619958,85.83119233534445,0.6351894894645489
"Washington,  D.C.-Charlotte",8.962457033369732,8.010962807952877,6.419986734114166,8.865456298332743,7.98863579346664,7.767130745516502,27.49822346860973,-4.553209907556608
"Washington,  D.C.-Columbus",32.226831705077494,30.553971673607393,28.691401981442027,30.05204612886023,30.049880125004826,30.290744696805284,55.60056804991557,7.359227234867908
"Washington,  D.C.-Milwaukee",19.014162039173105,18.038466535858944,18.406126271828256,20.982559124616238,18.828431329337835,22.619406459417988,60.086262737980064,-4.322615864707967
"Washington,  D.C.-Louisville",38.764632997406686,40.433592724292495,37.29066324733086,38.14020291632732,41.915166700821906,38.6315249233894,80.19384789484702,8.981966751413255
Detroit-Minneapolis,41.60149590376792,39.60912702966904,36.726528432137336,40.901926559943796,39.73103259392161,28.92317550724545,64.34734609353903,8.480958110864059
Detroit-St. Louis,16.948728753498973,17.710314511157442,13.413970757770572,17.667916315287147,18.04136652058283,18.77225235673796,40.28968167124302,-2.3634225943541094
Detroit-Kansas City,25.626947724555013,30.059358224599322,29.44442566572641,29.87767034969458,30.85916635891256,30.870845499896518,49.924802071620846,21.85861194906637
Detroit-Indianapolis,29.350475770040447,29.59931851067348,26.518711880045572,24.057139323465776,29.260637255965033,23.27063938626534,44.74442678874266,10.049141720269514
Detroit-Pittsburgh,-1.0875971960890733,-1.1976954355681855,-1.4659367473696854,-2.268338070414949,-0.918685904926368,0.3743960487513093,10.36891952168744,0.0
Detroit-Cincinnati,2.419435996423964,2.247360826687916,2.044807310614471,0.9572302671625152,2.1612446670410255,0.0,10.98606425464978,0.0
Detroit-Nashville,24.81772413362543,22.173491635834445,22.60935451306576,22.679537463186303,25.38888140069526,19.831712975518833,56.39112916229944,4.502348437127131
Detroit-Memphis,25.75652467400094,23.52450638126065,23.051007121751216,24.37964543691207,23.806970172682057,18.2200112272003,68.90267234489878,-0.07323835802043577
Detroit-Omaha,58.56617209914992,59.872342466308574,59.16622887445547,59.13292441561907,60.98195420955787,57.41074584865061,80.80461073039775,49.15271124331785
Detroit-Charlotte,22.925207565530084,24.031683013254153,18.789506220166402,19.626502160256237,25.877365512143303,20.57806656034518,67.81900142130927,6.437446463558141
Detroit-Milwaukee,39.56872455048834,39.94351049970133,38.290683292552664,32.49950879408108,40.98988549648971,30.647904991063125,58.045945484524644,9.393355435451435
Detroit-Louisville,35.03468436965352,35.60165156710702,35.734278324864256,33.100373902879625,38.582384970018154,27.24372299185397,62.23980826654484,17.783990107242573
Minneapolis-St. Louis,58.04946081929623,57.637493478466105,54.4150118414969,54.95554009629593,56.36519904694223,54.680986849404825,77.05669708403501,42.53904569190786
Minneapolis-Kansas City,0.5165525445309728,0.48140087223230565,1.5197196164767361,2.6105785055894186,2.1573353496797987,0.0,13.367763414621239,0.0
Minneapolis-Indianapolis,24.095184637167577,21.86932092334158,16.126518569272214,22.544008393019404,22.511585963587066,22.694687715682534,50.83732974087431,-3.930657238001789
Minneapolis-Pittsburgh,19.43752863740995,21.27085517155932,17.03282830738948,16.508925050015765,22.555661901455625,15.936973628685658,48.591165144495584,4.336452924570651
Minneapolis-Cleveland,25.912685690171983,28.00963543294835,24.370692008903525,21.603422057920078,29.041425303630756,22.263810420494444,58.96328420591819,6.696637251947743
Minneapolis-Cincinnati,22.765270041975562,22.096470667672044,16.417409048515765,22.827694763647237,25.418591144496652,22.018145491985333,66.5864195676266,-4.946347813898542
Minneapolis-Nashville,30.332264468834893,29.793863209654667,26.476269110958953,21.336067647405912,28.54999205569178,18.20598721480989,67.2717420535549,16.763259161474267
Minneapolis-Memphis,60.9912534359805,60.991372520105706,58.42391893800792,58.032919250809634,60.973864078107525,58.89959909020384,82.10355039024887,51.840407271464315
Minneapolis-Oklahoma City,19.63107761899183,27.532253043090225,27.348376467589283,29.880070353329085,28.671599386865996,32.332732698198036,61.55755612195155,14.905114303452844
Minneapolis-Omaha,27.058168672802005,26.84544116629495,25.303546127365813,25.74918133351286,26.70992524469312,27.830598244449103,51.34256029646211,18.325080106680584
Minneapolis-Columbus,22.818257308621675,25.739657142723598,20.385848408817985,19.976882462766007,27.299318234801376,21.519350902496793,60.31988683223677,1.8294939445902034
Minneapolis-Milwaukee,20.924920705693648,21.405973341194358,19.06580737056494,21.440352704290664,21.549166128804597,22.689838851314114,42.59221939717849,-13.148876755898069
Minneapolis-Louisville,25.712796057318002,23.988232406254568,17.819500123165813,23.05570674621374,22.683320742445026,23.57202189738404,56.074322486379124,-6.235498330947386
Denver-St. Louis,30.21591594684972,37.10078511099137,37.20612396764895,38.00298875580921,38.48045487297198,37.565197177229024,67.41486294089323,36.068712891156025
Denver-Kansas City,-0.7784835171083171,-0.772318956581191,0.00756456810823867,2.4284241712107124,0.897197995876967,2.6783990526733295,37.018258060601255,-11.452145800904143
Denver-Oklahoma City,3.485804688432462,3.980541384404881,4.426191056355945,2.9572844917108054,4.5951269957222145,2.9956814423040283,42.45060293392689,-1.3831614637386178
Denver-Omaha,18.413510199192046,16.861135014047566,13.406384082735675,16.241469518984054,15.877097602823186,17.221102814102412,44.0496162856887,10.436911794645317
St. Louis-Pittsburgh,15.536655528115874,16.35646221557993,15.82388286148535,16.9559014481214,16.895746135480678,18.960674549100073,49.19524073759055,-4.366390275249889
St. Louis-Cleveland,6.922730207636178,5.914388394538097,4.394971124628147,6.747762608516474,6.84382701303067,7.379277485932444,33.15275884821512,-0.48271576675289163
St. Louis-Cincinnati,10.833800829362817,12.13614994173723,8.35587529960888,11.440937142484039,12.239859692740424,11.329633238143117,36.403819667946706,-2.0093831351952867
St. Louis-Nashville,37.574555219293934,36.69386618269432,37.535943254042806,36.4348051858111,39.63263339584437,36.314214937899266,61.798746882405524,12.967666215885604
St. Louis-Memphis,72.56816070055918,73.26075275238458,70.28677297330361,71.70688520971034,73.12805372925263,71.76739723856784,81.6528910992485,61.52732083002632
St. Louis-Oklahoma City,4.181391849957068,8.156746447614108,8.10187705298205,8.944619351294145,8.738540050922698,8.325578158255613,19.458255815612382,2.197534811113385
St. Louis-Omaha,32.28042091319909,31.32288124980806,32.2346283507616,32.26889208024664,31.82969341992979,31.915685045312014,41.236488615775365,22.03712304805502
St. Louis-Charlotte,33.76531196764235,37.06765174846602,33.911945021365966,32.802019400570295,37.51805474059557,32.096016434355995,81.8474918198864,20.7983667927373
St. Louis-Columbus,4.108546933011197,3.4776186832560816,1.4152683927863872,4.8241033381232645,3.052977490028817,4.56228353294598,26.55999127312659,-0.7748216194933845
St. Louis-Milwaukee,4.697605244895821,4.627121258206513,6.688191461606255,6.61215146542791,6.6178831392452215,3.1229020034721,26.499609113624608,-2.419553749411586
St. Louis-Louisville,6.8634164023689985,5.9892586035752915,6.069743455426692,7.38324073721826,7.114450742044214,7.886725010128526,22.80339681029064,-2.8297481434355176
Kansas City-Indianapolis,32.01798660495528,31.64755836435177,31.645146349733004,32.41364789652731,31.82306777920384,32.13097904116927,44.403052462766965,25.072698800604623
Kansas City-Pittsburgh,25.85308680702265,24.95152759155597,24.662924064239107,24.43432661176573,26.21631171067736,25.61595184691451,47.00665182186011,17.65255633891447
Kansas City-Cleveland,30.430069472712766,30.257227335935077,27.504905171560186,28.56409920917039,29.800776745503576,28.767471554457373,45.81713473874901,22.214476583828173
Kansas City-Cincinnati,30.61571516598001,30.579493237489107,30.95997507282602,30.776149139154487,31.269442860907663,29.70516132920916,46.905658355320284,22.041127581118374
Kansas City-Nashville,15.52901134905356,16.47390272003059,14.221641274126396,14.467595834226051,16.950931977363172,15.58172533642747,35.092564784227,10.290862685605378
Kansas City-Memphis,70.70798565914426,70.02778344448552,70.56237625358642,70.69067421257184,71.18559305033487,69.5287191880069,85.97718800228405,57.910102107021494
Kansas City-Oklahoma City,31.159489815679617,32.63005659201801,36.49075519779394,27.489224099841973,35.16478661675738,24.346536071861944,61.4441668628037,-3.8249452871423046
Kansas City-Charlotte,41.07406637505609,44.13501882626287,41.610484324313916,37.62499784437934,44.25809601452633,40.02149689019457,67.21667308142763,35.98496892505354
Kansas City-Columbus,28.138444628745916,28.739204030480032,27.52153386012611,27.681410058286467,28.284797059486408,29.316635469109134,45.167760536884565,22.0595674355857
Kansas City-Milwaukee,35.11004307441476,34.92306203714476,33.517102592675656,33.69026891374482,35.13002840279917,31.073753741152515,50.285441764591155,29.07924447284124
Kansas City-Louisville,-5.249559504531922,-0.11685890816924943,0.6531237094398578,0.6569280053268153,0.34283578477864385,1.2738079638199835,11.544764317148578,0.1369084962171895
Indianapolis-Pittsburgh,6.482991480359271,6.654589001691297,7.139648444053578,6.111832967815632,7.249951351256196,6.260628943244944,21.877037228286717,-0.4614807315412642
Indianapolis-Cleveland,10.514420139513918,11.024889760208243,11.00125246861456,10.440972043540366,10.98266888921825,10.172818731501565,27.863703144747927,1.4483651077369046
Indianapolis-Nashville,7.2250371770527595,7.240012389162537,6.480891144794782,7.197147482912939,7.669740568222112,7.842840952417663,22.897178598231005,-2.6768633737080325
Indianapolis-Memphis,16.03883979774933,16.128252072765882,13.71145963872754,15.252109529654263,16.859636885686623,16.012634250368826,55.44479645621762,-6.012106772662052
Indianapolis-Oklahoma City,43.66391433851593,51.68955457151693,50.642117673059765,49.65005461644478,51.81002839357004,50.215971124381305,74.29653555602482,44.00270929236222
Indianapolis-Omaha,53.91571226525841,57.25859297441427,55.373892132936476,51.71874367707281,57.430104792867375,53.80937342142564,75.18605319751757,52.85496868199595
Indianapolis-Charlotte,15.827983259258087,17.385309915296816,14.91106004332738,15.144485557078662,18.212745962280767,16.29073021869853,59.53787870318617,0.9908345998479103
Indianapolis-Milwaukee,6.754105801519817,6.629881732161919,5.9390482039818,6.1692728753030215,7.124482002580802,8.6774229374623,22.710492848837784,-0.3250195797814687
Pittsburgh-Cincinnati,5.423400002807107,4.704538474288664,4.264270513927612,5.002012330142788,5.033950234448919,5.749452635225857,16.083183787536274,-1.3187679081685126
Pittsburgh-Nashville,15.345878322803188,15.375378066860339,17.297429524316673,15.629798850097792,16.302438282847863,18.37539571041788,60.65067561928517,-2.481761502882065
Pittsburgh-Memphis,13.439590327113658,13.509811544797085,15.079031877093609,12.799769442423928,13.988954051374922,17.688051459209742,65.32769420185308,-8.916954437411766
Pittsburgh-Charlotte,7.340032371271027,7.254375366465292,6.713811458107185,6.8116791016066,7.8598883661668895,8.874045965658883,26.557071186350072,-1.7002342575695515
Pittsburgh-Milwaukee,4.704428110110449,5.137154960404506,1.4448011052174612,8.598204345919218,5.794171095737147,9.991020390815697,31.136394135083084,-6.311116457682659
Pittsburgh-Louisville,15.568377374335888,14.430884751592771,14.71292308488898,17.693400205116003,15.547685782048102,15.50475100046503,46.51902995181062,-10.39732594129086
Cleveland-Cincinnati,0.31702893289432177,0.3575084223886908,0.5522979725631288,-0.10523223052712054,0.7884851618954145,0.0,7.00994268255865,0.0
Cleveland-Nashville,13.735812902982746,14.320524466804383,11.764817543311809,16.48470966174101,13.452407130841978,17.845886088182052,60.85361028163638,-15.10326530464938
Cleveland-Memphis,4.882170566676577,4.600521639411172,9.440938180294072,8.67976877151191,7.764551890844702,9.977890447176884,54.15368712295564,-6.2352808467197365
Cleveland-Omaha,7.862153881973771,14.747346041135343,13.131376063054368,10.750189979238051,15.35810047605375,13.755209127326323,49.041968056977645,7.395627379158682
Cleveland-Charlotte,24.411595392051805,23.178519390962176,22.421308420617972,23.891046532928993,24.877595243242272,17.025337025465927,61.587362502107325,10.01728919368554
Cleveland-Milwaukee,20.275326789081465,19.34250165670088,15.83554782173158,19.03043794780609,20.61917775351747,22.390869275110934,49.092151195552525,0.5595607669753841
Cleveland-Louisville,6.2069670246977955,6.166630053533314,9.853282130143988,10.410639798827438,8.169629326069968,11.104948442290576,40.399271588170514,-9.100078762258148
Cincinnati-Nashville,24.76764157454854,23.35295537419392,24.495764064637566,25.58216387419696,23.536555901752642,25.777872039999945,56.37176829132931,-1.3554179531352348
Cincinnati-Memphis,37.34523138170228,35.18087995110135,31.79724149698231,36.151313196392486,35.29621469733303,29.297202780719257,74.56657372036139,8.897798801871158
Cincinnati-Oklahoma City,49.01824798709371,56.25417126402461,56.82837093407725,49.948394035478216,57.712094402453396,50.939793827103486,79.43302351264337,49.56118606712134
Cincinnati-Omaha,56.61542897626693,60.60943488481699,59.286456600013466,56.83324059020707,60.59018816235662,57.148694605954866,77.82024175792147,53.98353832139801
Cincinnati-Charlotte,22.24673362376289,23.24898709297074,21.558472529779202,23.728403143208443,24.37195614885345,24.392859126716143,69.55182226302875,-3.789365704454404
Cincinnati-Milwaukee,16.2997874448452,16.878618552974938,17.546124260482955,17.589607799520905,17.712659615227775,17.036845831009398,34.887820183549024,-2.7379278223882704
Nashville-Oklahoma City,-10.221251120203371,-4.178579892189762,-0.8632075020571646,1.0227606588710203,-1.9919767255270042,5.4410476658935805,51.045453502256464,-6.9843556747123685
Nashville-Omaha,61.680748052895915,64.85898981683602,61.45043275440329,62.15563501585287,64.12928492176998,63.57287871457972,85.8755661064737,58.24922686198306
Nashville-Charlotte,28.625845563548992,26.946658680496494,20.479391325724645,24.748596922771924,27.817745464882208,23.50855135083689,61.55169500181762,4.478091525287739
Nashville-Columbus,29.43886751470838,28.881584167795193,31.716541064051512,27.849760977066484,31.301482464228076,21.415952631444988,57.04659728976255,10.54997666577019
Nashville-Milwaukee,13.748420116975725,14.953322711494394,18.228046842736457,15.151702223480534,17.811548255547354,18.636534494725197,49.9843589225164,0.08899906841382466
Memphis-Oklahoma City,-5.116493553392151,-1.0377938708114234,-2.8618115866196443,2.5098868160225627,-0.6591588639195499,1.3110334369688044,35.157773693281364,-4.783895300448446
Memphis-Omaha,59.45928135107272,63.65330810806222,63.621567354419824,63.5946808131512,65.08902922430468,64.79536733110749,87.54868826924677,59.40504792522181
Memphis-Charlotte,26.850528125706013,27.098985824635726,17.50906431150076,20.659112977801374,28.330731651479535,21.005366941005462,84.91510551552182,-3.64306163378498
Memphis-Columbus,29.10521226367381,29.26937167404643,28.309045940035293,31.80886129483945,30.989049198201553,23.026850049347694,67.33432910235165,4.3978521856652
Memphis-Milwaukee,20.94086647921742,21.242621568051568,19.539123199616093,20.69542101960104,23.618577267760468,22.186291885309927,56.25924070520341,-0.777561505677115
Memphis-Louisville,26.8136988998662,27.52293991211766,26.17650627505499,30.707442773120764,30.976189190448615,30.47051171965216,65.04338795815224,-10.784100929927245
Oklahoma City-Omaha,4.990178730202299,13.602467234665324,7.020122632376823,10.60403856360499,11.136392974660495,10.516301932013674,55.64167384341597,-15.911538519701294
Oklahoma City-Columbus,46.84864727990734,52.2620610719602,45.199046779723965,48.89473188039681,52.163069332186225,49.279619501014395,77.03921176648093,41.454495669515595
Oklahoma City-Milwaukee,46.856423303892726,50.25906842894601,52.03593475099721,50.52713060825484,51.835473912549745,52.665301094833985,79.20784292280648,42.442309015837786
Oklahoma City-Louisville,51.18289995284283,56.63111293389426,52.45768821353303,50.83479401824653,55.68819866558191,52.182346593532934,79.61991049116163,53.57893876932729
Omaha-Columbus,58.36906624718134,59.342175288919094,57.6395563374612,56.23401927776248,59.654577228999386,56.10914418053447,72.84576080857447,51.73706868986992
Omaha-Milwaukee,35.720257278986956,35.401150471285156,31.43659944760983,32.53183700215475,34.575486064955754,33.134416444518,69.3070676752401,17.146253447355598
Omaha-Louisville,62.66839128915231,62.719470210538574,61.21323348642288,61.2560258793558,62.902300753754,62.12188814241822,80.13126486427028,54.13656052704382
Charlotte-Columbus,25.160760514539948,26.168068662371837,22.865227919547635,19.182822555942124,27.819992249945333,13.543650546084612,60.961351081083265,7.161325335855329
Charlotte-Milwaukee,12.25810187500437,14.172102122606866,12.419721173624351,10.714662312590232,13.722833069258652,9.377354147807749,59.57460790455448,0.4951994906180431
Charlotte-Louisville,12.256797128086511,11.777844711968296,7.167758628321873,7.534172039166756,10.447213188594805,6.036554614105804,43.71349177760805,0.617737707606397
Columbus-Milwaukee,19.894643900011342,15.790464228976388,15.21077142827891,23.554746239407418,18.864091919668784,25.269876339151207,52.757725961255886,-6.268427481756062
Milwaukee-Louisville,8.967779375704762,8.59362246168738,8.215862618443715,8.742819926332675,8.88866901266043,11.024468089852881,27.532363920661393,-0.3378453755620838
