od,n_cand,T_fast,overlap10,base10_KUA,base10_T,static_K1_KUA,static_K1_T,reactive_K1_KUA,reactive_K1_T,pred_K1_KUA,pred_K1_T,oracle_K1_KUA,oracle_K1_T,static_K2_KUA,static_K2_T,reactive_K2_KUA,reactive_K2_T,pred_K2_KUA,pred_K2_T,oracle_K2_KUA,oracle_K2_T,static_K3_KUA,static_K3_T,reactive_K3_KUA,reactive_K3_T,pred_K3_KUA,pred_K3_T,oracle_K3_KUA,oracle_K3_T,static_K5_KUA,static_K5_T,reactive_K5_KUA,reactive_K5_T,pred_K5_KUA,pred_K5_T,oracle_K5_KUA,oracle_K5_T,static_K10_KUA,static_K10_T,reactive_K10_KUA,reactive_K10_T,pred_K10_KUA,pred_K10_T,oracle_K10_KUA,oracle_K10_T,static_K15_KUA,static_K15_T,reactive_K15_KUA,reactive_K15_T,pred_K15_KUA,pred_K15_T,oracle_K15_KUA,oracle_K15_T,static_K20_KUA,static_K20_T,reactive_K20_KUA,reactive_K20_T,pred_K20_KUA,pred_K20_T,oracle_K20_KUA,oracle_K20_T
Lviv-Kyiv,7,7.607337771785164,0.5637912364150846,72.14378072592423,7.607337771785164,72.14378072592423,7.607337771785165,72.14378072592423,7.607337771785165,72.14378072592423,7.607337771785165,72.14378072592423,7.607337771785165,72.14378072592423,7.607337771785165,72.07867321688803,7.614496632598679,72.08958147887229,7.634757559429375,71.5169107102471,7.622719192070804,72.14378072592423,7.607337771785165,72.07867321688803,7.614496632598679,72.01467967940516,7.686074279553941,69.28965481598627,7.6642660057195435,72.14378072592423,7.607337771785165,72.07867321688803,7.614496632598679,72.06175590357928,7.722711176834358,68.22766111300709,7.683410036835366,72.14378072592423,7.607337771785165,72.07867321688803,7.614496632598679,71.71609573216456,7.767639093533492,66.61847221944903,7.732872636130832,72.14378072592423,7.607337771785165,72.07867321688803,7.614496632598679,71.71609573216456,7.767639093533492,66.61847221944903,7.732872636130832,72.14378072592423,7.607337771785165,72.07867321688803,7.614496632598679,71.71609573216456,7.767639093533492,66.61847221944903,7.732872636130832
Lviv-Odesa,2,10.93894280138936,0.5826123733099124,117.6262675810162,10.93894280138936,117.6262675810162,10.938942801389361,117.6262675810162,10.938942801389361,117.6262675810162,10.938942801389361,117.6262675810162,10.938942801389361,117.6262675810162,10.938942801389361,117.63067781639127,10.941852527762356,117.64404077185307,10.944833570958217,116.9273323414543,10.949526217902902,117.6262675810162,10.938942801389361,117.63067781639127,10.941852527762356,117.64404077185307,10.944833570958217,116.9273323414543,10.949526217902902,117.6262675810162,10.938942801389361,117.63067781639127,10.941852527762356,117.64404077185307,10.944833570958217,116.9273323414543,10.949526217902902,117.6262675810162,10.938942801389361,117.63067781639127,10.941852527762356,117.64404077185307,10.944833570958217,116.9273323414543,10.949526217902902,117.6262675810162,10.938942801389361,117.63067781639127,10.941852527762356,117.64404077185307,10.944833570958217,116.9273323414543,10.949526217902902,117.6262675810162,10.938942801389361,117.63067781639127,10.941852527762356,117.64404077185307,10.944833570958217,116.9273323414543,10.949526217902902
Lviv-Kharkiv,5,14.145641710690713,0.3617699542157883,301.54294926847007,14.145641710690713,301.54294926847007,14.145641710690713,301.54294926847007,14.145641710690713,301.54294926847007,14.145641710690713,301.54294926847007,14.145641710690713,301.54294926847007,14.145641710690713,301.5672660836735,14.14903039571819,301.64971196626567,14.188508576288326,299.7269921280389,14.182433148131917,301.54294926847007,14.145641710690713,301.68275228326087,14.387041916585375,302.7783266124736,14.538101848793401,280.8184541878012,14.54568257590026,301.54294926847007,14.145641710690713,301.6738122628347,14.38736923309574,303.02519571012357,14.596849445965013,276.7793589800553,14.649355654021265,301.54294926847007,14.145641710690713,301.6738122628347,14.38736923309574,303.02519571012357,14.596849445965013,276.7793589800553,14.649355654021265,301.54294926847007,14.145641710690713,301.6738122628347,14.38736923309574,303.02519571012357,14.596849445965013,276.7793589800553,14.649355654021265,301.54294926847007,14.145641710690713,301.6738122628347,14.38736923309574,303.02519571012357,14.596849445965013,276.7793589800553,14.649355654021265
Lviv-Dnipro,1,13.128224319199635,,197.1775908573846,13.128224319199635,197.1775908573846,13.128224319199633,197.1775908573846,13.128224319199633,197.1775908573846,13.128224319199633,197.1775908573846,13.128224319199633,197.1775908573846,13.128224319199633,197.1775908573846,13.128224319199633,197.1775908573846,13.128224319199633,197.1775908573846,13.128224319199633,197.1775908573846,13.128224319199633,197.1775908573846,13.128224319199633,197.1775908573846,13.128224319199633,197.1775908573846,13.128224319199633,197.1775908573846,13.128224319199633,197.1775908573846,13.128224319199633,197.1775908573846,13.128224319199633,197.1775908573846,13.128224319199633,197.1775908573846,13.128224319199633,197.1775908573846,13.128224319199633,197.1775908573846,13.128224319199633,197.1775908573846,13.128224319199633,197.1775908573846,13.128224319199633,197.1775908573846,13.128224319199633,197.1775908573846,13.128224319199633,197.1775908573846,13.128224319199633,197.1775908573846,13.128224319199633,197.1775908573846,13.128224319199633,197.1775908573846,13.128224319199633,197.1775908573846,13.128224319199633
Lviv-Zhytomyr,4,5.685341752725242,0.6010070031783773,38.77925024528753,5.685341752725242,38.77925024528753,5.685341752725241,38.77925024528753,5.685341752725241,38.77925024528753,5.685341752725241,38.77925024528753,5.685341752725241,38.77925024528753,5.685341752725241,38.77925024528753,5.685341752725241,38.78564776700747,5.704739183500021,38.65047281361494,5.6902575399763835,38.77925024528753,5.685341752725241,38.77925024528753,5.685341752725241,38.78564776700747,5.704739183500021,38.64398582492799,5.694958642809354,38.77925024528753,5.685341752725241,38.77925024528753,5.685341752725241,38.88856830858543,5.730489745452379,37.94141782409153,5.7213970119088025,38.77925024528753,5.685341752725241,38.77925024528753,5.685341752725241,38.88856830858543,5.730489745452379,37.94141782409153,5.7213970119088025,38.77925024528753,5.685341752725241,38.77925024528753,5.685341752725241,38.88856830858543,5.730489745452379,37.94141782409153,5.7213970119088025,38.77925024528753,5.685341752725241,38.77925024528753,5.685341752725241,38.88856830858543,5.730489745452379,37.94141782409153,5.7213970119088025
Lviv-Vinnytsia,1,5.2274615148431325,,30.899562327480808,5.2274615148431325,30.899562327480808,5.227461514843133,30.899562327480808,5.227461514843133,30.899562327480808,5.227461514843133,30.899562327480808,5.227461514843133,30.899562327480808,5.227461514843133,30.899562327480808,5.227461514843133,30.899562327480808,5.227461514843133,30.899562327480808,5.227461514843133,30.899562327480808,5.227461514843133,30.899562327480808,5.227461514843133,30.899562327480808,5.227461514843133,30.899562327480808,5.227461514843133,30.899562327480808,5.227461514843133,30.899562327480808,5.227461514843133,30.899562327480808,5.227461514843133,30.899562327480808,5.227461514843133,30.899562327480808,5.227461514843133,30.899562327480808,5.227461514843133,30.899562327480808,5.227461514843133,30.899562327480808,5.227461514843133,30.899562327480808,5.227461514843133,30.899562327480808,5.227461514843133,30.899562327480808,5.227461514843133,30.899562327480808,5.227461514843133,30.899562327480808,5.227461514843133,30.899562327480808,5.227461514843133,30.899562327480808,5.227461514843133,30.899562327480808,5.227461514843133
Lviv-Cherkasy,7,10.518526433588034,0.17018522755246618,129.21156374959835,10.844506710199823,131.1927566970175,10.518526433588033,131.1927566970175,10.518526433588033,131.1927566970175,10.518526433588033,131.1927566970175,10.518526433588033,131.1927566970175,10.518526433588033,127.69015552554566,10.521218328485354,128.54589253599622,10.523317639011077,103.66181526715152,10.52549044837359,129.21156374959835,10.844506710199822,128.66213126974515,10.758302289467391,128.47629405729705,10.609902790129173,101.3727087793968,10.569317758232284,129.21156374959835,10.844506710199822,128.62034477273517,10.763737075869834,128.82381274021452,10.64284143083565,99.97231447416783,10.659362949041473,129.21156374959835,10.844506710199822,128.64755251175197,10.765012985965997,129.11321358794734,10.678194756037668,98.30820721654274,10.692682115414309,129.21156374959835,10.844506710199822,128.64755251175197,10.765012985965997,129.11321358794734,10.678194756037668,98.30820721654274,10.692682115414309,129.21156374959835,10.844506710199822,128.64755251175197,10.765012985965997,129.11321358794734,10.678194756037668,98.30820721654274,10.692682115414309
Lviv-Kropyvnytskyi,1,9.750308491921228,,111.80857698420112,9.750308491921228,111.80857698420112,9.750308491921228,111.80857698420112,9.750308491921228,111.80857698420112,9.750308491921228,111.80857698420112,9.750308491921228,111.80857698420112,9.750308491921228,111.80857698420112,9.750308491921228,111.80857698420112,9.750308491921228,111.80857698420112,9.750308491921228,111.80857698420112,9.750308491921228,111.80857698420112,9.750308491921228,111.80857698420112,9.750308491921228,111.80857698420112,9.750308491921228,111.80857698420112,9.750308491921228,111.80857698420112,9.750308491921228,111.80857698420112,9.750308491921228,111.80857698420112,9.750308491921228,111.80857698420112,9.750308491921228,111.80857698420112,9.750308491921228,111.80857698420112,9.750308491921228,111.80857698420112,9.750308491921228,111.80857698420112,9.750308491921228,111.80857698420112,9.750308491921228,111.80857698420112,9.750308491921228,111.80857698420112,9.750308491921228,111.80857698420112,9.750308491921228,111.80857698420112,9.750308491921228,111.80857698420112,9.750308491921228,111.80857698420112,9.750308491921228
Lviv-Poltava,6,12.149571340252631,0.2384035056110196,222.4404943410501,12.149571340252631,222.4404943410501,12.149571340252635,222.4404943410501,12.149571340252635,222.4404943410501,12.149571340252635,222.4404943410501,12.149571340252635,222.4404943410501,12.149571340252635,222.45497242813252,12.152838531187445,222.56105472093094,12.188684283157954,220.8019504699811,12.181893193429167,222.4404943410501,12.149571340252635,215.9668588852647,12.461279092331408,219.25095170627702,12.441093608725033,176.58032953639992,12.700320317155093,222.4404943410501,12.149571340252635,216.05624359233812,12.466717669602884,221.6341430759787,12.68099854301825,170.34747999659444,12.800539699973754,222.4404943410501,12.149571340252635,216.04603279425893,12.467101149503844,221.6125299429308,12.682703053512332,170.297861377639,12.801852985129505,222.4404943410501,12.149571340252635,216.04603279425893,12.467101149503844,221.6125299429308,12.682703053512332,170.297861377639,12.801852985129505,222.4404943410501,12.149571340252635,216.04603279425893,12.467101149503844,221.6125299429308,12.682703053512332,170.297861377639,12.801852985129505
Lviv-Mykolaiv,3,12.096745371965442,0.5112151625263147,134.77891277496917,12.096745371965442,134.77891277496917,12.096745371965445,134.77891277496917,12.096745371965445,134.77891277496917,12.096745371965445,134.77891277496917,12.096745371965445,134.77891277496917,12.096745371965445,136.0457138759689,12.127648481976037,135.0246743607687,12.104436191198852,129.84426128565372,12.189874201228138,134.77891277496917,12.096745371965445,137.72182631203944,12.25957800982894,137.82237600985115,12.290021800958968,118.80148666826629,12.462248221673029,134.77891277496917,12.096745371965445,137.72182631203944,12.25957800982894,137.82237600985115,12.290021800958968,118.80148666826629,12.462248221673029,134.77891277496917,12.096745371965445,137.72182631203944,12.25957800982894,137.82237600985115,12.290021800958968,118.80148666826629,12.462248221673029,134.77891277496917,12.096745371965445,137.72182631203944,12.25957800982894,137.82237600985115,12.290021800958968,118.80148666826629,12.462248221673029,134.77891277496917,12.096745371965445,137.72182631203944,12.25957800982894,137.82237600985115,12.290021800958968,118.80148666826629,12.462248221673029
Kyiv-Odesa,5,6.090865515294012,0.3744899342979872,124.52937536718908,6.090865515294012,124.52937536718908,6.090865515294012,124.52937536718908,6.090865515294012,124.52937536718908,6.090865515294012,124.52937536718908,6.090865515294012,124.52937536718908,6.090865515294012,124.51416655302408,6.091501627007761,124.53450943632035,6.0946892929699565,124.25000484216532,6.094365906567995,124.52937536718908,6.090865515294012,124.5614023387247,6.0966622658881136,124.53631568851205,6.094795789642115,124.21844313233915,6.10138921805188,124.52937536718908,6.090865515294012,124.50688667291642,6.108343176213634,125.03116934336049,6.253692169469386,118.17354220391735,6.270767867185528,124.52937536718908,6.090865515294012,124.50688667291642,6.108343176213634,125.03116934336049,6.253692169469386,118.17354220391735,6.270767867185528,124.52937536718908,6.090865515294012,124.50688667291642,6.108343176213634,125.03116934336049,6.253692169469386,118.17354220391735,6.270767867185528,124.52937536718908,6.090865515294012,124.50688667291642,6.108343176213634,125.03116934336049,6.253692169469386,118.17354220391735,6.270767867185528
Kyiv-Kharkiv,7,6.5727112906704965,0.4659798197009121,229.90873099255265,6.5727112906704965,229.90873099255265,6.572711290670496,229.90873099255265,6.572711290670496,229.90873099255265,6.572711290670496,229.90873099255265,6.572711290670496,229.90873099255265,6.572711290670496,229.873347177331,6.5737491135266195,229.88388290282182,6.582007533700873,229.4626875983858,6.581646871857255,229.90873099255265,6.572711290670496,230.27152273930602,6.590936927125683,229.8825273255766,6.582179411836862,227.82957631133704,6.683906599123092,229.90873099255265,6.572711290670496,230.27604820203902,6.591064983390576,230.14128876038927,6.592635568890687,226.8262689860689,6.68595236245105,229.90873099255265,6.572711290670496,230.27604820203902,6.591064983390576,230.39218528005156,6.637277020655461,225.72533104730056,6.704748142258566,229.90873099255265,6.572711290670496,230.27604820203902,6.591064983390576,230.39218528005156,6.637277020655461,225.72533104730056,6.704748142258566,229.90873099255265,6.572711290670496,230.27604820203902,6.591064983390576,230.39218528005156,6.637277020655461,225.72533104730056,6.704748142258566
Kyiv-Dnipro,8,7.076844515936131,0.2527475006977763,170.9599836286727,7.076844515936131,170.9599836286727,7.0768445159361315,170.9599836286727,7.0768445159361315,170.9599836286727,7.0768445159361315,170.9599836286727,7.0768445159361315,170.9599836286727,7.0768445159361315,174.5250917026799,7.092333408632236,170.9599836286727,7.0768445159361315,168.9610460555615,7.095964775819362,170.9599836286727,7.0768445159361315,171.27601696664553,7.235082550579028,162.97241775468672,7.486606441380521,145.03724119353555,7.400084578313501,170.9599836286727,7.0768445159361315,171.2892278865433,7.235893620061521,162.9734448118254,7.486689294308582,144.79278448497666,7.404342661503425,170.9599836286727,7.0768445159361315,171.2892278865433,7.235893620061521,162.9734448118254,7.486689294308582,144.61350831348884,7.410477696757631,170.9599836286727,7.0768445159361315,171.2892278865433,7.235893620061521,162.9734448118254,7.486689294308582,144.61350831348884,7.410477696757631,170.9599836286727,7.0768445159361315,171.2892278865433,7.235893620061521,162.9734448118254,7.486689294308582,144.61350831348884,7.410477696757631
Kyiv-Ternopil,9,6.649052697884234,0.26331221971992524,74.19096163319705,6.760816181663357,76.24562088854991,6.649052697884234,76.24562088854991,6.649052697884234,76.24562088854991,6.649052697884234,76.24562088854991,6.649052697884234,74.19096163319705,6.760816181663357,74.03525414585046,6.752272972420072,74.46212433794378,6.738695372015564,69.90557387696464,6.692104370178075,74.19096163319705,6.760816181663357,73.38469952808249,6.770476149937863,72.57290349707316,6.806621953694248,65.20750311632024,6.735345331020109,74.19096163319705,6.760816181663357,73.3444439168283,6.772272291143478,72.78311942414048,6.843604079106198,63.29418800893374,6.769308743189259,74.19096163319705,6.760816181663357,73.36141517061752,6.773038045201239,72.06358105691814,6.884641253830135,62.74206369073932,6.799033540045915,74.19096163319705,6.760816181663357,73.36141517061752,6.773038045201239,72.06358105691814,6.884641253830135,62.74206369073932,6.799033540045915,74.19096163319705,6.760816181663357,73.36141517061752,6.773038045201239,72.06358105691814,6.884641253830135,62.74206369073932,6.799033540045915
Kyiv-Rivne,15,4.549422182934163,0.36125211340778995,61.62774303419328,4.549422182934163,61.62774303419328,4.549422182934164,61.62774303419328,4.549422182934164,61.62774303419328,4.549422182934164,61.62774303419328,4.549422182934164,61.62774303419328,4.549422182934164,61.622517850639284,4.553498098509803,61.62547306041043,4.564716389510047,61.48426129641333,4.558078741948783,61.62774303419328,4.549422182934164,61.622517850639284,4.553498098509803,62.826906975464645,4.685335068242139,59.332779839545765,4.626934807083524,61.62774303419328,4.549422182934164,61.819168221623826,4.5832955894498415,62.82458462766372,4.6896179503544335,59.291140547137736,4.647739933955391,61.62774303419328,4.549422182934164,61.819168221623826,4.5832955894498415,62.705431389910615,4.687508378294573,59.26471430910691,4.647405901317419,61.62774303419328,4.549422182934164,61.819168221623826,4.5832955894498415,62.708001396167376,4.687974631288087,59.24563609214991,4.655352220484865,61.62774303419328,4.549422182934164,61.819168221623826,4.5832955894498415,62.708001396167376,4.687974631288087,59.24563609214991,4.655352220484865
Kyiv-Khmelnytskyi,4,5.111024844058021,0.4673996632247715,68.0671224523223,5.363534827686293,65.52789388874834,5.111024844058021,65.52789388874834,5.111024844058021,65.52789388874834,5.111024844058021,65.52789388874834,5.111024844058021,68.0671224523223,5.363534827686293,67.16819474704336,5.332238203998814,66.73331147434627,5.254341321252446,62.13664440884235,5.192230620938749,68.0671224523223,5.363534827686293,67.16033152940885,5.333101755901107,66.67542964205252,5.256042703907835,62.11718994181216,5.160970882729289,68.0671224523223,5.363534827686293,67.16033152940885,5.333101755901107,65.49546198883426,5.330695775615984,59.9835562328448,5.208389465244646,68.0671224523223,5.363534827686293,67.16033152940885,5.333101755901107,65.49546198883426,5.330695775615984,59.9835562328448,5.208389465244646,68.0671224523223,5.363534827686293,67.16033152940885,5.333101755901107,65.49546198883426,5.330695775615984,59.9835562328448,5.208389465244646,68.0671224523223,5.363534827686293,67.16033152940885,5.333101755901107,65.49546198883426,5.330695775615984,59.9835562328448,5.208389465244646
Kyiv-Kropyvnytskyi,4,4.907070683282235,0.13326614244448035,94.8373976508496,5.160134376802914,118.71798304619887,4.907070683282235,118.71798304619887,4.907070683282235,118.71798304619887,4.907070683282235,118.71798304619887,4.907070683282235,94.8373976508496,5.1601343768029135,95.2393055885524,5.156887313304287,94.83953471476816,5.159788944515825,92.39961208585964,5.0498723907644205,94.8373976508496,5.1601343768029135,95.2393055885524,5.156887313304287,94.83953471476816,5.159788944515825,92.39440246256119,5.050108902947128,94.8373976508496,5.1601343768029135,95.42078292893774,5.157517623569694,94.83953471476816,5.159788944515825,92.28498878192751,5.051978467293671,94.8373976508496,5.1601343768029135,95.42078292893774,5.157517623569694,94.83953471476816,5.159788944515825,92.28498878192751,5.051978467293671,94.8373976508496,5.1601343768029135,95.42078292893774,5.157517623569694,94.83953471476816,5.159788944515825,92.28498878192751,5.051978467293671,94.8373976508496,5.1601343768029135,95.42078292893774,5.157517623569694,94.83953471476816,5.159788944515825,92.28498878192751,5.051978467293671
Kyiv-Poltava,20,4.576640920232405,0.4442397352820567,150.65615772582262,4.576640920232405,150.65615772582262,4.576640920232405,150.65615772582262,4.576640920232405,150.65615772582262,4.576640920232405,150.65615772582262,4.576640920232405,150.65615772582262,4.576640920232405,150.62006353894859,4.577556381180915,150.64615406901694,4.584373643563425,150.37615034410402,4.582601155343971,150.65615772582262,4.576640920232405,150.61611673868518,4.579868897688511,150.72717824649308,4.603942812547115,149.7424441830972,4.59596247396168,150.65615772582262,4.576640920232405,150.6183457000492,4.580054133898294,150.78580848110903,4.61790481629272,148.55508155179345,4.617154256570879,150.65615772582262,4.576640920232405,150.6183457000492,4.580054133898294,151.2061797967809,4.646240896747853,147.66839790454333,4.647647904731083,150.65615772582262,4.576640920232405,150.6183457000492,4.580054133898294,151.23365000343114,4.6941518990781335,146.2697122499587,4.671870814423327,150.65615772582262,4.576640920232405,150.6183457000492,4.580054133898294,150.72472609278728,4.706796816641279,145.89276849324193,4.6742513483738515
Kyiv-Mykolaiv,7,7.248664763182905,0.291095132584126,141.81513893473408,7.248664763182905,141.81513893473408,7.248664763182902,141.81513893473408,7.248664763182902,141.81513893473408,7.248664763182902,141.81513893473408,7.248664763182902,141.81513893473408,7.248664763182902,142.6822310466692,7.270394116797622,141.91444705261463,7.255505485617166,137.1233565164124,7.3346432549547265,141.81513893473408,7.248664763182902,143.7956548459109,7.381220608361022,142.72718502264684,7.3666811502803204,127.74538149514338,7.478944913949807,141.81513893473408,7.248664763182902,143.7956548459109,7.381220608361022,142.86557784068236,7.400356662391432,126.439796320446,7.515397389203066,141.81513893473408,7.248664763182902,143.82375905050813,7.385439111432201,143.10628119692825,7.4326426177427996,125.1102518687646,7.549007790797739,141.81513893473408,7.248664763182902,143.82375905050813,7.385439111432201,143.10628119692825,7.4326426177427996,125.1102518687646,7.549007790797739,141.81513893473408,7.248664763182902,143.82375905050813,7.385439111432201,143.10628119692825,7.4326426177427996,125.1102518687646,7.549007790797739
Kyiv-Lutsk,15,5.856635357899488,0.44332271435186615,65.40332468028294,5.856635357899488,65.40332468028294,5.8566353578994885,65.40332468028294,5.8566353578994885,65.40332468028294,5.8566353578994885,65.40332468028294,5.8566353578994885,65.40332468028294,5.8566353578994885,65.83096404331714,5.876271454594246,65.4099477822957,5.8635764897543785,65.24960136932626,5.89709485015892,65.40332468028294,5.8566353578994885,65.78780326215855,5.881803862364966,65.4530634837294,5.91180827037965,64.5862149108855,5.901990010377659,65.40332468028294,5.8566353578994885,65.40211107125738,5.879770670743764,65.54498396282584,5.938702348626342,64.11611076759691,5.923148673607765,65.40332468028294,5.8566353578994885,65.38656413574267,5.882450947576113,65.56248796258492,6.041800963037969,62.388598114763475,5.973631430894149,65.40332468028294,5.8566353578994885,65.38656413574267,5.882611586454321,65.66860851507984,6.05224818714803,62.191281484356566,5.9740435931824,65.40332468028294,5.8566353578994885,65.38656413574267,5.882611586454321,65.66860851507984,6.05224818714803,62.191281484356566,5.9740435931824
Odesa-Kharkiv,5,9.791454273893978,0.2505608708638251,257.8122482258114,9.791454273893978,257.8122482258114,9.791454273893978,257.8122482258114,9.791454273893978,257.8122482258114,9.791454273893978,257.8122482258114,9.791454273893978,257.8122482258114,9.791454273893978,248.95657085064443,9.799982566321201,250.36220730557784,9.802853861855555,213.3672723008033,9.80546059357373,257.8122482258114,9.791454273893978,247.8657253552621,9.819579000537534,247.67241402614601,9.860503114784672,209.874876739932,9.852716715858264,257.8122482258114,9.791454273893978,247.93586191168868,9.82405638692331,247.7140073612405,9.865273195034568,207.37889191286914,9.936219209664642,257.8122482258114,9.791454273893978,247.93586191168868,9.82405638692331,247.7140073612405,9.865273195034568,207.37889191286914,9.936219209664642,257.8122482258114,9.791454273893978,247.93586191168868,9.82405638692331,247.7140073612405,9.865273195034568,207.37889191286914,9.936219209664642,257.8122482258114,9.791454273893978,247.93586191168868,9.82405638692331,247.7140073612405,9.865273195034568,207.37889191286914,9.936219209664642
Odesa-Dnipro,4,6.926322950901703,0.23581937020469104,126.41417666461389,7.004041291747455,129.98591491528973,6.926322950901706,129.98591491528973,6.926322950901706,129.98591491528973,6.926322950901706,129.98591491528973,6.926322950901706,126.41417666461389,7.004041291747454,126.87253369325998,6.988001142776833,126.00317109826608,6.988128445546442,123.04054184487951,6.9540325204197355,126.41417666461389,7.004041291747454,131.1491726992315,7.066753989737659,126.07405848069315,6.9931616673270245,114.46410085777723,7.079054866390406,126.41417666461389,7.004041291747454,131.24172071777082,7.0722804362395335,126.07790280289292,6.993226684344694,114.31115181169129,7.090089562646152,126.41417666461389,7.004041291747454,131.24172071777082,7.0722804362395335,126.07790280289292,6.993226684344694,114.31115181169129,7.090089562646152,126.41417666461389,7.004041291747454,131.24172071777082,7.0722804362395335,126.07790280289292,6.993226684344694,114.31115181169129,7.090089562646152,126.41417666461389,7.004041291747454,131.24172071777082,7.0722804362395335,126.07790280289292,6.993226684344694,114.31115181169129,7.090089562646152
Odesa-Ternopil,2,9.115720276547338,0.5028256732383223,113.03045254626409,9.115720276547338,113.03045254626409,9.11572027654734,113.03045254626409,9.11572027654734,113.03045254626409,9.11572027654734,113.03045254626409,9.11572027654734,113.03045254626409,9.11572027654734,113.06183872857869,9.11860116791429,113.04223162673138,9.117160722230814,112.81732198188341,9.123840436037522,113.03045254626409,9.11572027654734,113.06183872857869,9.11860116791429,113.04223162673138,9.117160722230814,112.81732198188341,9.123840436037522,113.03045254626409,9.11572027654734,113.06183872857869,9.11860116791429,113.04223162673138,9.117160722230814,112.81732198188341,9.123840436037522,113.03045254626409,9.11572027654734,113.06183872857869,9.11860116791429,113.04223162673138,9.117160722230814,112.81732198188341,9.123840436037522,113.03045254626409,9.11572027654734,113.06183872857869,9.11860116791429,113.04223162673138,9.117160722230814,112.81732198188341,9.123840436037522,113.03045254626409,9.11572027654734,113.06183872857869,9.11860116791429,113.04223162673138,9.117160722230814,112.81732198188341,9.123840436037522
Odesa-Rivne,3,9.34812941203802,0.4149208158290718,151.79149636484078,9.34812941203802,151.79149636484078,9.348129412038018,151.79149636484078,9.348129412038018,151.79149636484078,9.348129412038018,151.79149636484078,9.348129412038018,151.79149636484078,9.348129412038018,151.78999367592297,9.351313966560957,151.79567721489522,9.352461263981677,151.60940334051696,9.357725965230033,151.79149636484078,9.348129412038018,152.00997279405414,9.370800342146312,151.84718210148617,9.361545543834259,149.89541857081736,9.556726890906196,151.79149636484078,9.348129412038018,152.00997279405414,9.370800342146312,151.84718210148617,9.361545543834259,149.89541857081736,9.556726890906196,151.79149636484078,9.348129412038018,152.00997279405414,9.370800342146312,151.84718210148617,9.361545543834259,149.89541857081736,9.556726890906196,151.79149636484078,9.348129412038018,152.00997279405414,9.370800342146312,151.84718210148617,9.361545543834259,149.89541857081736,9.556726890906196,151.79149636484078,9.348129412038018,152.00997279405414,9.370800342146312,151.84718210148617,9.361545543834259,149.89541857081736,9.556726890906196
Odesa-Zhytomyr,3,6.720703248163788,0.535594445923488,123.47678044044589,6.720703248163788,123.47678044044589,6.7207032481637885,123.47678044044589,6.7207032481637885,123.47678044044589,6.7207032481637885,123.47678044044589,6.7207032481637885,123.47678044044589,6.7207032481637885,123.48176048639505,6.721320197311404,123.47874358786864,6.721278870574244,123.37709364157001,6.72218067901729,123.47678044044589,6.7207032481637885,123.48273509240529,6.721874216230974,123.57945422327059,6.747285277081152,122.26618769362837,6.745658979343011,123.47678044044589,6.7207032481637885,123.48273509240529,6.721874216230974,123.57945422327059,6.747285277081152,122.26618769362837,6.745658979343011,123.47678044044589,6.7207032481637885,123.48273509240529,6.721874216230974,123.57945422327059,6.747285277081152,122.26618769362837,6.745658979343011,123.47678044044589,6.7207032481637885,123.48273509240529,6.721874216230974,123.57945422327059,6.747285277081152,122.26618769362837,6.745658979343011,123.47678044044589,6.7207032481637885,123.48273509240529,6.721874216230974,123.57945422327059,6.747285277081152,122.26618769362837,6.745658979343011
Odesa-Vinnytsia,5,5.712478550734673,0.5161946761995149,86.62284831432468,5.712478550734673,86.62284831432468,5.712478550734672,86.62284831432468,5.712478550734672,86.62284831432468,5.712478550734672,86.62284831432468,5.712478550734672,86.62284831432468,5.712478550734672,86.62794878490126,5.714862669667032,86.62813393330457,5.715510721945403,86.4546833325639,5.717270570334376,86.62284831432468,5.712478550734672,86.8505826407256,5.735925884092213,86.62813393330457,5.715510721945403,86.40966679759525,5.767331260762326,86.62284831432468,5.712478550734672,86.8505826407256,5.735925884092213,86.66395046862503,5.761280371204538,84.38201195037702,5.792736359941236,86.62284831432468,5.712478550734672,86.8505826407256,5.735925884092213,86.66395046862503,5.761280371204538,84.38201195037702,5.792736359941236,86.62284831432468,5.712478550734672,86.8505826407256,5.735925884092213,86.66395046862503,5.761280371204538,84.38201195037702,5.792736359941236,86.62284831432468,5.712478550734672,86.8505826407256,5.735925884092213,86.66395046862503,5.761280371204538,84.38201195037702,5.792736359941236
Odesa-Khmelnytskyi,2,7.577692422721125,0.4380349467458901,102.3127255464625,7.577692422721125,102.3127255464625,7.577692422721126,102.3127255464625,7.577692422721126,102.3127255464625,7.577692422721126,102.3127255464625,7.577692422721126,102.3127255464625,7.577692422721126,102.34834900928243,7.579337617212181,102.31287709236366,7.577735717312997,102.2353711157915,7.582249178515429,102.3127255464625,7.577692422721126,102.34834900928243,7.579337617212181,102.31287709236366,7.577735717312997,102.2353711157915,7.582249178515429,102.3127255464625,7.577692422721126,102.34834900928243,7.579337617212181,102.31287709236366,7.577735717312997,102.2353711157915,7.582249178515429,102.3127255464625,7.577692422721126,102.34834900928243,7.579337617212181,102.31287709236366,7.577735717312997,102.2353711157915,7.582249178515429,102.3127255464625,7.577692422721126,102.34834900928243,7.579337617212181,102.31287709236366,7.577735717312997,102.2353711157915,7.582249178515429,102.3127255464625,7.577692422721126,102.34834900928243,7.579337617212181,102.31287709236366,7.577735717312997,102.2353711157915,7.582249178515429
Odesa-Cherkasy,6,6.194784756817979,0.30958914437067253,118.43308393399938,6.270114167382529,113.54494112502454,6.194784756817981,113.54494112502454,6.194784756817981,113.54494112502454,6.194784756817981,113.54494112502454,6.194784756817981,118.43308393399938,6.27011416738253,115.58313166756093,6.257178814053263,115.76960254445555,6.243708772033123,101.9711513571886,6.219853430440199,118.43308393399938,6.27011416738253,115.58313166756093,6.257178814053263,115.79932264648161,6.245302368256555,101.76860624267859,6.224997720848434,118.43308393399938,6.27011416738253,112.97165790480597,6.293627232856718,112.13212543350448,6.383324586794838,94.30591178824093,6.353156755060543,118.43308393399938,6.27011416738253,112.97165790480597,6.293627232856718,112.33909960775327,6.392213572472274,93.80912634281952,6.37499422156739,118.43308393399938,6.27011416738253,112.97165790480597,6.293627232856718,112.33909960775327,6.392213572472274,93.80912634281952,6.37499422156739,118.43308393399938,6.27011416738253,112.97165790480597,6.293627232856718,112.33909960775327,6.392213572472274,93.80912634281952,6.37499422156739
Odesa-Kropyvnytskyi,3,4.209865890172653,0.6650567885812545,72.95389514902953,4.209865890172653,72.95389514902953,4.209865890172652,72.95389514902953,4.209865890172652,72.95389514902953,4.209865890172652,72.95389514902953,4.209865890172652,72.95389514902953,4.209865890172652,72.95389514902953,4.209865890172652,72.96178966146333,4.212468908329122,72.57883947563953,4.2106857212879305,72.95389514902953,4.209865890172652,72.95389514902953,4.209865890172652,72.96178966146333,4.2125398854233875,72.02531261650962,4.243981710346179,72.95389514902953,4.209865890172652,72.95389514902953,4.209865890172652,72.96178966146333,4.2125398854233875,72.02531261650962,4.243981710346179,72.95389514902953,4.209865890172652,72.95389514902953,4.209865890172652,72.96178966146333,4.2125398854233875,72.02531261650962,4.243981710346179,72.95389514902953,4.209865890172652,72.95389514902953,4.209865890172652,72.96178966146333,4.2125398854233875,72.02531261650962,4.243981710346179,72.95389514902953,4.209865890172652,72.95389514902953,4.209865890172652,72.96178966146333,4.2125398854233875,72.02531261650962,4.243981710346179
Odesa-Poltava,3,7.796083086396113,0.4710923421607687,176.21410717078112,8.35834812821737,178.61428330397726,7.796083086396111,178.61428330397726,7.796083086396111,178.61428330397726,7.796083086396111,178.61428330397726,7.796083086396111,176.21410717078112,8.358348128217372,177.50048899241483,8.21329203634702,174.54981575019187,8.114899491491048,165.96466164487657,8.043829681400073,176.21410717078112,8.358348128217372,177.68564476371998,8.223764917394426,174.54981575019187,8.114899491491048,165.87125008655113,8.054180592543641,176.21410717078112,8.358348128217372,177.68564476371998,8.223764917394426,174.54981575019187,8.114899491491048,165.87125008655113,8.054180592543641,176.21410717078112,8.358348128217372,177.68564476371998,8.223764917394426,174.54981575019187,8.114899491491048,165.87125008655113,8.054180592543641,176.21410717078112,8.358348128217372,177.68564476371998,8.223764917394426,174.54981575019187,8.114899491491048,165.87125008655113,8.054180592543641,176.21410717078112,8.358348128217372,177.68564476371998,8.223764917394426,174.54981575019187,8.114899491491048,165.87125008655113,8.054180592543641
Odesa-Lutsk,3,10.655342587003352,0.42812204834367157,155.56707801093032,10.655342587003352,155.56707801093032,10.655342587003352,155.56707801093032,10.655342587003352,155.56707801093032,10.655342587003352,155.56707801093032,10.655342587003352,155.56707801093032,10.655342587003352,155.75055481953734,10.668933315121839,155.5950897199074,10.658904295061989,155.38078551063728,10.695271208923876,155.56707801093032,10.655342587003352,155.75055481953734,10.668933315121839,155.79037594647698,10.6834627522542,153.9103525503075,10.823181244213432,155.56707801093032,10.655342587003352,155.75055481953734,10.668933315121839,155.79037594647698,10.6834627522542,153.9103525503075,10.823181244213432,155.56707801093032,10.655342587003352,155.75055481953734,10.668933315121839,155.79037594647698,10.6834627522542,153.9103525503075,10.823181244213432,155.56707801093032,10.655342587003352,155.75055481953734,10.668933315121839,155.79037594647698,10.6834627522542,153.9103525503075,10.823181244213432,155.56707801093032,10.655342587003352,155.75055481953734,10.668933315121839,155.79037594647698,10.6834627522542,153.9103525503075,10.823181244213432
Kharkiv-Ternopil,8,13.187356636789795,0.20804219587440914,304.3044609983928,13.325936164672886,306.090909399531,13.187356636789795,306.090909399531,13.187356636789795,306.090909399531,13.187356636789795,306.090909399531,13.187356636789795,304.3044609983928,13.325936164672887,304.9083616847237,13.26241581869535,304.2097362468153,13.294194907808592,299.7267665955825,13.242818713742187,304.3044609983928,13.325936164672887,300.57497974302726,13.502316711102642,302.7768107019577,13.411363823370708,266.80236613287076,13.643459758238958,304.3044609983928,13.325936164672887,292.6949927801119,13.657594145311498,296.1945578539308,13.562344545785583,238.2142378163237,13.835371566294342,304.3044609983928,13.325936164672887,292.74849808962557,13.662508210250406,296.2602634115587,13.580845452070657,236.7796413387805,13.93994141269047,304.3044609983928,13.325936164672887,292.74849808962557,13.662508210250406,296.2602634115587,13.580845452070657,236.7796413387805,13.93994141269047,304.3044609983928,13.325936164672887,292.74849808962557,13.662508210250406,296.2602634115587,13.580845452070657,236.7796413387805,13.93994141269047
Kharkiv-Rivne,6,11.087726121839715,0.4443208665953673,291.4525361502733,11.087726121839715,291.4525361502733,11.087726121839719,291.4525361502733,11.087726121839719,291.4525361502733,11.087726121839719,291.4525361502733,11.087726121839719,291.4525361502733,11.087726121839719,291.45355282373527,11.090101119437469,291.479059327089,11.098859975826336,290.82068395516416,11.104064757795877,291.4525361502733,11.087726121839719,291.45355282373527,11.090101119437469,291.59128783335103,11.107359082940581,285.7293566020528,11.323470880694634,291.4525361502733,11.087726121839719,291.45355282373527,11.090101119437469,291.8348110501303,11.130121628184405,284.3434021150517,11.437383232979712,291.4525361502733,11.087726121839719,291.45355282373527,11.090101119437469,291.83970838690243,11.131904373511857,284.1927257955641,11.459685557714634,291.4525361502733,11.087726121839719,291.45355282373527,11.090101119437469,291.83970838690243,11.131904373511857,284.1927257955641,11.459685557714634,291.4525361502733,11.087726121839719,291.45355282373527,11.090101119437469,291.83970838690243,11.131904373511857,284.1927257955641,11.459685557714634
Kharkiv-Zhytomyr,7,8.492962309095816,0.4516687678802895,263.47332182551133,8.492962309095816,263.47332182551133,8.492962309095816,263.47332182551133,8.492962309095816,263.47332182551133,8.492962309095816,263.47332182551133,8.492962309095816,263.47332182551133,8.492962309095816,263.47750681537684,8.49438248738383,263.52009114117993,8.49909627063766,263.0654909963251,8.500597026417193,263.47332182551133,8.492962309095816,263.47750681537684,8.49438248738383,263.7456751818518,8.507729594056647,258.7973504116878,8.670438477666071,263.47332182551133,8.492962309095816,263.47750681537684,8.49438248738383,263.7496634374291,8.507834286149661,258.5428677714237,8.701895192707022,263.47332182551133,8.492962309095816,263.47750681537684,8.49438248738383,263.77929091745256,8.524470015254398,258.06108500764213,8.695151153378932,263.47332182551133,8.492962309095816,263.47750681537684,8.49438248738383,263.77929091745256,8.524470015254398,258.06108500764213,8.695151153378932,263.47332182551133,8.492962309095816,263.47750681537684,8.49438248738383,263.77929091745256,8.524470015254398,258.06108500764213,8.695151153378932
Kharkiv-Vinnytsia,8,10.105214633909778,0.244922509316565,285.0068894979148,10.412063659562179,265.96195215155507,10.105214633909778,265.96195215155507,10.105214633909778,265.96195215155507,10.105214633909778,265.96195215155507,10.105214633909778,285.0068894979148,10.41206365956218,272.8315809167031,10.274848616150049,270.6302007668594,10.264126073075111,240.58390831844864,10.209005500080492,285.0068894979148,10.41206365956218,273.06034204445376,10.278677226772803,270.44229265647385,10.264913977831345,239.1185021827646,10.303475168284374,285.0068894979148,10.41206365956218,267.8965658444846,10.419847896367713,268.3635528765565,10.353495853860329,217.050036091874,10.474345960179505,285.0068894979148,10.41206365956218,267.8706584310996,10.419689222639528,268.6981471735332,10.358269847395691,216.50437060759944,10.530827108739357,285.0068894979148,10.41206365956218,267.8706584310996,10.419689222639528,268.6981471735332,10.358269847395691,216.50437060759944,10.530827108739357,285.0068894979148,10.41206365956218,267.8706584310996,10.419689222639528,268.6981471735332,10.358269847395691,216.50437060759944,10.530827108739357
Kharkiv-Khmelnytskyi,5,11.649328782963584,0.18753397629361906,298.180621817518,11.928654810695827,295.37318239972944,11.64932878296358,295.37318239972944,11.64932878296358,295.37318239972944,11.64932878296358,295.37318239972944,11.64932878296358,298.180621817518,11.92865481069583,296.9340030608935,11.787276034988597,296.3041417820806,11.78239564575167,291.877364347429,11.73763332571923,298.180621817518,11.92865481069583,292.8428253934085,12.02517626928441,294.56990947246214,11.90244099625842,258.7868363197509,12.121664703118046,298.180621817518,11.92865481069583,287.04581746796754,12.216748787543699,288.4927334672003,11.997734979426259,233.88355925290972,12.30646749080023,298.180621817518,11.92865481069583,287.04581746796754,12.216748787543699,288.4927334672003,11.997734979426259,233.88355925290972,12.30646749080023,298.180621817518,11.92865481069583,287.04581746796754,12.216748787543699,288.4927334672003,11.997734979426259,233.88355925290972,12.30646749080023,298.180621817518,11.92865481069583,287.04581746796754,12.216748787543699,288.4927334672003,11.997734979426259,233.88355925290972,12.30646749080023
Kharkiv-Cherkasy,3,5.862323364769441,0.5126132444839081,185.92556651848852,5.862323364769441,185.92556651848852,5.86232336476944,185.92556651848852,5.86232336476944,185.92556651848852,5.86232336476944,185.92556651848852,5.86232336476944,185.92556651848852,5.86232336476944,186.40489803519122,5.8671510243082015,185.9790058717061,5.862900254903003,184.23312500237023,5.873314639945739,185.92556651848852,5.86232336476944,186.40489803519122,5.8671510243082015,185.98143528880354,5.863527190447791,183.0553081387709,5.9574560231828855,185.92556651848852,5.86232336476944,186.40489803519122,5.8671510243082015,185.98143528880354,5.863527190447791,183.0553081387709,5.9574560231828855,185.92556651848852,5.86232336476944,186.40489803519122,5.8671510243082015,185.98143528880354,5.863527190447791,183.0553081387709,5.9574560231828855,185.92556651848852,5.86232336476944,186.40489803519122,5.8671510243082015,185.98143528880354,5.863527190447791,183.0553081387709,5.9574560231828855,185.92556651848852,5.86232336476944,186.40489803519122,5.8671510243082015,185.98143528880354,5.863527190447791,183.0553081387709,5.9574560231828855
Kharkiv-Kropyvnytskyi,1,5.622044750851406,,182.9193210531726,5.622044750851406,182.9193210531726,5.622044750851407,182.9193210531726,5.622044750851407,182.9193210531726,5.622044750851407,182.9193210531726,5.622044750851407,182.9193210531726,5.622044750851407,182.9193210531726,5.622044750851407,182.9193210531726,5.622044750851407,182.9193210531726,5.622044750851407,182.9193210531726,5.622044750851407,182.9193210531726,5.622044750851407,182.9193210531726,5.622044750851407,182.9193210531726,5.622044750851407,182.9193210531726,5.622044750851407,182.9193210531726,5.622044750851407,182.9193210531726,5.622044750851407,182.9193210531726,5.622044750851407,182.9193210531726,5.622044750851407,182.9193210531726,5.622044750851407,182.9193210531726,5.622044750851407,182.9193210531726,5.622044750851407,182.9193210531726,5.622044750851407,182.9193210531726,5.622044750851407,182.9193210531726,5.622044750851407,182.9193210531726,5.622044750851407,182.9193210531726,5.622044750851407,182.9193210531726,5.622044750851407,182.9193210531726,5.622044750851407,182.9193210531726,5.622044750851407
Kharkiv-Mykolaiv,6,7.94169215276911,0.3240464895839699,233.73573800050423,8.52692883220142,216.39372606595288,7.941692152769108,216.39372606595288,7.941692152769108,216.39372606595288,7.941692152769108,216.39372606595288,7.941692152769108,233.73573800050423,8.52692883220142,219.22189940935604,8.3396786579468,221.02742140896956,8.236946693743969,188.972727975522,8.197803099296545,233.73573800050423,8.52692883220142,219.08511631386372,8.3550996783009,220.4199801923703,8.255568695773777,188.0567860698826,8.217107705543382,233.73573800050423,8.52692883220142,219.16800738976667,8.363072483246013,220.5180006550987,8.274937803393707,186.61611239087352,8.290131816623724,233.73573800050423,8.52692883220142,219.16800738976667,8.363072483246013,220.5180006550987,8.274937803393707,186.60793711307372,8.29349830158438,233.73573800050423,8.52692883220142,219.16800738976667,8.363072483246013,220.5180006550987,8.274937803393707,186.60793711307372,8.29349830158438,233.73573800050423,8.52692883220142,219.16800738976667,8.363072483246013,220.5180006550987,8.274937803393707,186.60793711307372,8.29349830158438
Kharkiv-Lutsk,8,12.394939296805047,0.405560925419221,295.2281177963629,12.394939296805047,295.2281177963629,12.394939296805045,295.2281177963629,12.394939296805045,295.2281177963629,12.394939296805045,295.2281177963629,12.394939296805045,295.2281177963629,12.394939296805045,295.2748994395893,12.401562562869016,295.31450196963397,12.404052910909071,294.54845837299246,12.44585896630486,295.2281177963629,12.394939296805045,295.30317276888314,12.406785063806463,295.4504850829461,12.414491823830865,289.4136917898955,12.639620839036107,295.2281177963629,12.394939296805045,295.30317276888314,12.406785063806463,295.6721528034132,12.433233152579195,288.63513896736043,12.681177268558596,295.2281177963629,12.394939296805045,295.23678695701665,12.408108066348039,295.59090239953196,12.458421856018266,288.16295258481836,12.709626447331411,295.2281177963629,12.394939296805045,295.23678695701665,12.408108066348039,295.59090239953196,12.458421856018266,288.16295258481836,12.709626447331411,295.2281177963629,12.394939296805045,295.23678695701665,12.408108066348039,295.59090239953196,12.458421856018266,288.16295258481836,12.709626447331411
Dnipro-Ternopil,2,11.3050017943576,0.6125804338655237,193.15927401209444,11.3050017943576,193.15927401209444,11.305001794357599,193.15927401209444,11.305001794357599,193.15927401209444,11.305001794357599,193.15927401209444,11.305001794357599,193.15927401209444,11.305001794357599,192.45826854211882,11.392451833141813,193.1604062734868,11.447178631606775,181.28328496366356,11.710375038657332,193.15927401209444,11.305001794357599,192.45826854211882,11.392451833141813,193.1604062734868,11.447178631606775,181.28328496366356,11.710375038657332,193.15927401209444,11.305001794357599,192.45826854211882,11.392451833141813,193.1604062734868,11.447178631606775,181.28328496366356,11.710375038657332,193.15927401209444,11.305001794357599,192.45826854211882,11.392451833141813,193.1604062734868,11.447178631606775,181.28328496366356,11.710375038657332,193.15927401209444,11.305001794357599,192.45826854211882,11.392451833141813,193.1604062734868,11.447178631606775,181.28328496366356,11.710375038657332,193.15927401209444,11.305001794357599,192.45826854211882,11.392451833141813,193.1604062734868,11.447178631606775,181.28328496366356,11.710375038657332
Dnipro-Rivne,11,11.542250407304651,0.17709745477130548,232.5704509602805,11.61940569380488,231.77258486434303,11.542250407304653,231.77258486434303,11.542250407304653,231.77258486434303,11.542250407304653,231.77258486434303,11.542250407304653,232.5704509602805,11.61940569380488,231.05468689233052,11.600701381926038,229.12886281141266,11.597057411255946,206.01906285445546,11.580248806662121,232.5704509602805,11.61940569380488,234.21501666512424,11.615396478221964,229.12886281141266,11.597057411255946,203.9572193974072,11.596108186264656,232.5704509602805,11.61940569380488,234.22083735529355,11.619765641111162,229.27267604079188,11.620853881919508,197.32729765087524,11.745031225974044,232.5704509602805,11.61940569380488,234.38491233534094,11.680179452936136,226.0278170898599,12.006015250359093,191.06095606053847,11.942504698966884,232.5704509602805,11.61940569380488,234.38606145383503,11.68187574152597,226.12305349207665,12.0089738196384,190.651115765513,11.987146986659925,232.5704509602805,11.61940569380488,234.38606145383503,11.68187574152597,226.12305349207665,12.0089738196384,190.651115765513,11.987146986659925
Dnipro-Zhytomyr,8,8.914824243430415,0.17348554082001535,204.5706736800904,8.999838490678048,203.45786893994807,8.914824243430413,203.45786893994807,8.914824243430413,203.45786893994807,8.914824243430413,203.45786893994807,8.914824243430413,204.5706736800904,8.999838490678046,202.8967403376001,8.979461065320848,201.06515586228645,8.974726447128514,177.9154645619118,8.956228943700623,204.5706736800904,8.999838490678046,206.0634560212216,8.995325404328572,201.06515586228645,8.974726447128514,175.84311191400016,8.97324338905022,204.5706736800904,8.999838490678046,206.3093759374554,9.001255511484926,200.69605800354455,9.15735674827006,172.86025322149476,9.062084557984438,204.5706736800904,8.999838490678046,206.11582989661795,9.004175384037113,197.02211961448646,9.31596039759563,171.0038685704265,9.108030601711343,204.5706736800904,8.999838490678046,206.11582989661795,9.004175384037113,197.02211961448646,9.31596039759563,171.0038685704265,9.108030601711343,204.5706736800904,8.999838490678046,206.11582989661795,9.004175384037113,197.02211961448646,9.31596039759563,171.0038685704265,9.108030601711343
Dnipro-Vinnytsia,1,7.901760068544933,,166.737424717928,7.901760068544933,166.737424717928,7.901760068544932,166.737424717928,7.901760068544932,166.737424717928,7.901760068544932,166.737424717928,7.901760068544932,166.737424717928,7.901760068544932,166.737424717928,7.901760068544932,166.737424717928,7.901760068544932,166.737424717928,7.901760068544932,166.737424717928,7.901760068544932,166.737424717928,7.901760068544932,166.737424717928,7.901760068544932,166.737424717928,7.901760068544932,166.737424717928,7.901760068544932,166.737424717928,7.901760068544932,166.737424717928,7.901760068544932,166.737424717928,7.901760068544932,166.737424717928,7.901760068544932,166.737424717928,7.901760068544932,166.737424717928,7.901760068544932,166.737424717928,7.901760068544932,166.737424717928,7.901760068544932,166.737424717928,7.901760068544932,166.737424717928,7.901760068544932,166.737424717928,7.901760068544932,166.737424717928,7.901760068544932,166.737424717928,7.901760068544932,166.737424717928,7.901760068544932,166.737424717928,7.901760068544932
Dnipro-Khmelnytskyi,1,9.76697394053139,,182.4415470122928,9.76697394053139,182.4415470122928,9.766973940531388,182.4415470122928,9.766973940531388,182.4415470122928,9.766973940531388,182.4415470122928,9.766973940531388,182.4415470122928,9.766973940531388,182.4415470122928,9.766973940531388,182.4415470122928,9.766973940531388,182.4415470122928,9.766973940531388,182.4415470122928,9.766973940531388,182.4415470122928,9.766973940531388,182.4415470122928,9.766973940531388,182.4415470122928,9.766973940531388,182.4415470122928,9.766973940531388,182.4415470122928,9.766973940531388,182.4415470122928,9.766973940531388,182.4415470122928,9.766973940531388,182.4415470122928,9.766973940531388,182.4415470122928,9.766973940531388,182.4415470122928,9.766973940531388,182.4415470122928,9.766973940531388,182.4415470122928,9.766973940531388,182.4415470122928,9.766973940531388,182.4415470122928,9.766973940531388,182.4415470122928,9.766973940531388,182.4415470122928,9.766973940531388,182.4415470122928,9.766973940531388,182.4415470122928,9.766973940531388,182.4415470122928,9.766973940531388
Dnipro-Cherkasy,4,4.715443311209565,0.23363354764389999,105.95993781717011,4.715443311209565,105.95993781717011,4.715443311209568,105.95993781717011,4.715443311209568,105.95993781717011,4.715443311209568,105.95993781717011,4.715443311209568,105.95993781717011,4.715443311209568,106.69690943731712,4.729118542723338,105.70927214762662,4.724032565853458,99.5146092820027,4.732817434992343,105.95993781717011,4.715443311209568,107.1950011622125,4.741161959153711,105.72082456849355,4.724551678630628,97.72142642039955,4.767417283443713,105.95993781717011,4.715443311209568,107.1950011622125,4.741161959153711,105.72082456849355,4.724551678630628,97.71728447776806,4.767791174544828,105.95993781717011,4.715443311209568,107.1950011622125,4.741161959153711,105.72082456849355,4.724551678630628,97.71728447776806,4.767791174544828,105.95993781717011,4.715443311209568,107.1950011622125,4.741161959153711,105.72082456849355,4.724551678630628,97.71728447776806,4.767791174544828,105.95993781717011,4.715443311209568,107.1950011622125,4.741161959153711,105.72082456849355,4.724551678630628,97.71728447776806,4.767791174544828
Dnipro-Mykolaiv,3,5.05022187874221,0.5391591795543202,101.10938532386464,5.05022187874221,101.10938532386464,5.0502218787422075,101.10938532386464,5.0502218787422075,101.10938532386464,5.0502218787422075,101.10938532386464,5.0502218787422075,101.10938532386464,5.0502218787422075,101.10938532386464,5.0502218787422075,101.10939427262103,5.050310289113038,100.8398250803596,5.073429601085064,101.10938532386464,5.0502218787422075,101.10938532386464,5.0502218787422075,101.0980537202681,5.050918299363268,99.72672695953193,5.119407549954159,101.10938532386464,5.0502218787422075,101.10938532386464,5.0502218787422075,101.0980537202681,5.050918299363268,99.72672695953193,5.119407549954159,101.10938532386464,5.0502218787422075,101.10938532386464,5.0502218787422075,101.0980537202681,5.050918299363268,99.72672695953193,5.119407549954159,101.10938532386464,5.0502218787422075,101.10938532386464,5.0502218787422075,101.0980537202681,5.050918299363268,99.72672695953193,5.119407549954159,101.10938532386464,5.0502218787422075,101.10938532386464,5.0502218787422075,101.0980537202681,5.050918299363268,99.72672695953193,5.119407549954159
Dnipro-Lutsk,11,12.849463582269983,0.18131315679643245,238.4837567772948,13.059007651831092,235.5481665104326,12.849463582269978,235.5481665104326,12.849463582269978,235.5481665104326,12.849463582269978,235.5481665104326,12.849463582269978,238.4837567772948,13.05900765183109,236.5492848160593,13.00786585598407,233.64399673298172,12.98864477835029,210.44182928281433,12.950088211906342,238.4837567772948,13.05900765183109,240.02272301362382,13.056298986087956,233.64399673298172,12.98864477835029,208.23638612118611,13.003660454702233,238.4837567772948,13.05900765183109,240.07317381664788,13.054289740693514,234.5052123735681,13.213956388725821,204.6116633775999,13.109553616349542,238.4837567772948,13.05900765183109,239.55074987618664,13.081422215672326,233.16827581229387,13.49129280312878,199.88652840842778,13.285958700171552,238.4837567772948,13.05900765183109,239.55074987618664,13.081422215672326,233.16827581229387,13.49129280312878,199.8717403815128,13.285405479877118,238.4837567772948,13.05900765183109,239.55074987618664,13.081422215672326,233.16827581229387,13.49129280312878,199.8717403815128,13.285405479877118
Ternopil-Zhytomyr,6,4.694394327693982,0.13948016239341085,40.51620365767626,4.785260794188465,42.5397192837019,4.694394327693982,42.5397192837019,4.694394327693982,42.5397192837019,4.694394327693982,42.5397192837019,4.694394327693982,40.51620365767626,4.785260794188465,40.87178928639223,4.7783645676841076,40.37343880441172,4.766407800867197,35.93271756253689,4.7139915181200385,40.51620365767626,4.785260794188465,39.12992642306126,4.800145621901939,37.89281382433737,4.868449108558435,30.676817895288334,4.756290895757613,40.51620365767626,4.785260794188465,38.96455745388957,4.801967496742699,37.483966034841636,4.880868316560155,29.179197169770344,4.761535672839798,40.51620365767626,4.785260794188465,39.030088551583724,4.802349257634063,37.51368176316665,4.88504596142569,29.130780980800235,4.762338566284885,40.51620365767626,4.785260794188465,39.030088551583724,4.802349257634063,37.51368176316665,4.88504596142569,29.130780980800235,4.762338566284885,40.51620365767626,4.785260794188465,39.030088551583724,4.802349257634063,37.51368176316665,4.88504596142569,29.130780980800235,4.762338566284885
Ternopil-Cherkasy,5,8.712130548692906,0.324156002148629,124.66159308671538,9.052598916433135,120.72739720269094,8.712130548692908,120.72739720269094,8.712130548692908,120.72739720269094,8.712130548692908,120.72739720269094,8.712130548692908,124.66159308671538,9.052598916433139,122.0441229862898,8.991253264588051,122.24630515317672,8.965041940617878,105.6020753131791,8.821995034270017,124.66159308671538,9.052598916433139,122.2020372238336,9.00049951701445,122.51617162664206,8.982976969049336,103.62127489257998,8.861080240402028,124.66159308671538,9.052598916433139,122.1607733844496,9.008110022035858,122.60202306335384,9.010270045307717,101.76136692547468,8.895446946277486,124.66159308671538,9.052598916433139,122.1607733844496,9.008110022035858,122.60202306335384,9.010270045307717,101.76136692547468,8.895446946277486,124.66159308671538,9.052598916433139,122.1607733844496,9.008110022035858,122.60202306335384,9.010270045307717,101.76136692547468,8.895446946277486,124.66159308671538,9.052598916433139,122.1607733844496,9.008110022035858,122.60202306335384,9.010270045307717,101.76136692547468,8.895446946277486
Ternopil-Kropyvnytskyi,1,7.927085967079202,,107.33311678652784,7.927085967079202,107.33311678652784,7.927085967079205,107.33311678652784,7.927085967079205,107.33311678652784,7.927085967079205,107.33311678652784,7.927085967079205,107.33311678652784,7.927085967079205,107.33311678652784,7.927085967079205,107.33311678652784,7.927085967079205,107.33311678652784,7.927085967079205,107.33311678652784,7.927085967079205,107.33311678652784,7.927085967079205,107.33311678652784,7.927085967079205,107.33311678652784,7.927085967079205,107.33311678652784,7.927085967079205,107.33311678652784,7.927085967079205,107.33311678652784,7.927085967079205,107.33311678652784,7.927085967079205,107.33311678652784,7.927085967079205,107.33311678652784,7.927085967079205,107.33311678652784,7.927085967079205,107.33311678652784,7.927085967079205,107.33311678652784,7.927085967079205,107.33311678652784,7.927085967079205,107.33311678652784,7.927085967079205,107.33311678652784,7.927085967079205,107.33311678652784,7.927085967079205,107.33311678652784,7.927085967079205,107.33311678652784,7.927085967079205,107.33311678652784,7.927085967079205
Ternopil-Poltava,9,11.191286266351709,0.27033490919121006,224.7750601624992,11.326686988081685,226.58899586778244,11.191286266351709,226.58899586778244,11.191286266351709,226.58899586778244,11.191286266351709,226.58899586778244,11.191286266351709,224.7750601624992,11.326686988081686,224.60198680546205,11.285028070967387,224.59843372901696,11.296967583148326,218.59363989720444,11.244588980174976,224.7750601624992,11.326686988081686,217.12675184096557,11.37000958064835,218.6981560680989,11.371211179416244,179.9559258390115,11.374839701446763,224.7750601624992,11.326686988081686,215.51001274692834,11.386943978994555,217.63404743602163,11.506271558309757,173.51213636031147,11.44070079097966,224.7750601624992,11.326686988081686,214.7288684443168,11.410705252977696,217.69101732773282,11.681497202898445,169.00164003341786,11.539050875928194,224.7750601624992,11.326686988081686,214.7288684443168,11.410705252977696,217.69101732773282,11.681497202898445,169.00164003341786,11.539050875928194,224.7750601624992,11.326686988081686,214.7288684443168,11.410705252977696,217.69101732773282,11.681497202898445,169.00164003341786,11.539050875928194
Ternopil-Mykolaiv,2,10.273522847123415,0.5002179757514863,130.2916089915888,10.273522847123415,130.2916089915888,10.273522847123415,130.2916089915888,10.273522847123415,130.2916089915888,10.273522847123415,130.2916089915888,10.273522847123415,130.2916089915888,10.273522847123415,131.6401608651683,10.304394719210794,130.45395796291697,10.280926508755229,125.49186147063013,10.368094147590188,130.2916089915888,10.273522847123415,131.6401608651683,10.304394719210794,130.45395796291697,10.280926508755229,125.49186147063013,10.368094147590188,130.2916089915888,10.273522847123415,131.6401608651683,10.304394719210794,130.45395796291697,10.280926508755229,125.49186147063013,10.368094147590188,130.2916089915888,10.273522847123415,131.6401608651683,10.304394719210794,130.45395796291697,10.280926508755229,125.49186147063013,10.368094147590188,130.2916089915888,10.273522847123415,131.6401608651683,10.304394719210794,130.45395796291697,10.280926508755229,125.49186147063013,10.368094147590188,130.2916089915888,10.273522847123415,131.6401608651683,10.304394719210794,130.45395796291697,10.280926508755229,125.49186147063013,10.368094147590188
Rivne-Vinnytsia,7,4.543163610598473,0.43700086717320524,41.594485843239426,4.9821343203254695,49.70806737533879,4.54316361059847,49.70806737533879,4.54316361059847,49.70806737533879,4.54316361059847,49.70806737533879,4.54316361059847,49.70806737533879,4.54316361059847,49.70806737533879,4.54316361059847,49.68347278118231,4.563791982498395,49.2878801763243,4.548377493794992,49.70806737533879,4.54316361059847,49.70806737533879,4.54316361059847,50.029907494124906,4.586757453487412,48.81250598604849,4.571848733499623,41.594485843239426,4.9821343203254695,41.83234280995402,4.957087943494201,44.36357577189691,4.85150934038411,37.706990105519054,4.646560352948836,41.594485843239426,4.9821343203254695,41.83234280995402,4.957087943494201,44.3308361713694,4.858876676813195,37.69479280635516,4.6472530797225495,41.594485843239426,4.9821343203254695,41.83234280995402,4.957087943494201,44.3308361713694,4.858876676813195,37.69479280635516,4.6472530797225495,41.594485843239426,4.9821343203254695,41.83234280995402,4.957087943494201,44.3308361713694,4.858876676813195,37.69479280635516,4.6472530797225495
Rivne-Cherkasy,10,7.460610844737033,0.34564919709682207,120.71691670227614,7.460610844737033,120.71691670227614,7.460610844737033,120.71691670227614,7.460610844737033,120.71691670227614,7.460610844737033,120.71691670227614,7.460610844737033,120.71691670227614,7.460610844737033,120.8095448525516,7.47500013230015,120.80410993689384,7.467773794052595,119.56705049514498,7.508849821986072,120.71691670227614,7.460610844737033,120.93533993158137,7.498369089653741,121.70906749090771,7.552595764992641,115.95412702714287,7.552360514381021,120.71691670227614,7.460610844737033,120.93533993158137,7.498369089653741,122.05603510878193,7.603484080725736,113.34126062575928,7.6329836460030025,120.71691670227614,7.460610844737033,120.90475523777077,7.507967201767303,122.13273489666513,7.618030089213418,112.84494956814459,7.650087409571107,120.71691670227614,7.460610844737033,120.90475523777077,7.507967201767303,122.13273489666513,7.618030089213418,112.84494956814459,7.650087409571107,120.71691670227614,7.460610844737033,120.90475523777077,7.507967201767303,122.13273489666513,7.618030089213418,112.84494956814459,7.650087409571107
Rivne-Kropyvnytskyi,2,8.164334580026246,0.5461054049964886,145.97563872157033,8.164334580026246,145.97563872157033,8.16433458002625,145.97563872157033,8.16433458002625,145.97563872157033,8.16433458002625,145.97563872157033,8.16433458002625,145.97563872157033,8.16433458002625,145.97563872157033,8.16433458002625,146.0287959952739,8.17561790546611,145.68022620966465,8.171893206555177,145.97563872157033,8.16433458002625,145.97563872157033,8.16433458002625,146.0287959952739,8.17561790546611,145.68022620966465,8.171893206555177,145.97563872157033,8.16433458002625,145.97563872157033,8.16433458002625,146.0287959952739,8.17561790546611,145.68022620966465,8.171893206555177,145.97563872157033,8.16433458002625,145.97563872157033,8.16433458002625,146.0287959952739,8.17561790546611,145.68022620966465,8.171893206555177,145.97563872157033,8.16433458002625,145.97563872157033,8.16433458002625,146.0287959952739,8.17561790546611,145.68022620966465,8.171893206555177,145.97563872157033,8.16433458002625,145.97563872157033,8.16433458002625,146.0287959952739,8.17561790546611,145.68022620966465,8.171893206555177
Rivne-Poltava,9,9.09165575140163,0.4059780009850268,212.0387488427456,9.09165575140163,212.0387488427456,9.091655751401632,212.0387488427456,9.091655751401632,212.0387488427456,9.091655751401632,212.0387488427456,9.091655751401632,212.0387488427456,9.091655751401632,212.02840182986134,9.093908387091767,212.06051572671387,9.111322379306298,210.9376349176908,9.113335372901737,212.0387488427456,9.091655751401632,212.02507306148414,9.094239229196694,213.15317488152652,9.181494575286877,204.62484735681934,9.283939852637555,212.0387488427456,9.091655751401632,212.02507306148414,9.094239229196694,212.86153205869172,9.195065539536637,204.195629650296,9.276039204605278,212.0387488427456,9.091655751401632,212.02507306148414,9.094239229196694,212.99101783509633,9.235469428859933,202.64587846758118,9.290328569892893,212.0387488427456,9.091655751401632,212.02507306148414,9.094239229196694,212.99101783509633,9.235469428859933,202.64587846758118,9.290328569892893,212.0387488427456,9.091655751401632,212.02507306148414,9.094239229196694,212.99101783509633,9.235469428859933,202.64587846758118,9.290328569892893
Rivne-Mykolaiv,4,10.505928659926907,0.2935496560495444,169.04520035501832,10.505928659926907,169.04520035501832,10.505928659926907,169.04520035501832,10.505928659926907,169.04520035501832,10.505928659926907,169.04520035501832,10.505928659926907,169.04520035501832,10.505928659926907,170.1944136387253,10.528819344411982,169.23236383351355,10.513841489131623,164.48406104936845,10.591698076485187,169.04520035501832,10.505928659926907,171.82976503797718,10.566183517952199,169.26225851832004,10.520119010160546,160.76168665038156,10.692112465279603,169.04520035501832,10.505928659926907,172.76744875501103,10.646681320567113,171.50665160026543,10.636003151079464,152.35541531217643,10.838648726078457,169.04520035501832,10.505928659926907,172.76744875501103,10.646681320567113,171.50665160026543,10.636003151079464,152.35541531217643,10.838648726078457,169.04520035501832,10.505928659926907,172.76744875501103,10.646681320567113,171.50665160026543,10.636003151079464,152.35541531217643,10.838648726078457,169.04520035501832,10.505928659926907,172.76744875501103,10.646681320567113,171.50665160026543,10.636003151079464,152.35541531217643,10.838648726078457
Zhytomyr-Cherkasy,6,4.8658470319931295,0.2709927770156916,92.75494570049283,4.8658470319931295,92.75494570049283,4.865847031993128,92.75494570049283,4.865847031993128,92.75494570049283,4.865847031993128,92.75494570049283,4.865847031993128,92.75494570049283,4.865847031993128,92.91553047990091,4.878699128185249,92.8767292401286,4.875868269993153,91.67035320820338,4.898062198219194,92.75494570049283,4.865847031993128,92.72700722918465,4.899384543464711,94.01000182299964,4.95094895755246,89.77377016404375,4.9411986731354665,92.75494570049283,4.865847031993128,92.72700722918465,4.899384543464711,94.08872294508265,4.957430441311733,89.48979545607659,4.940778398772472,92.75494570049283,4.865847031993128,92.72700722918465,4.899384543464711,94.08788071787139,4.957727919504567,89.36585640644935,4.953894491776668,92.75494570049283,4.865847031993128,92.72700722918465,4.899384543464711,94.08788071787139,4.957727919504567,89.36585640644935,4.953894491776668,92.75494570049283,4.865847031993128,92.72700722918465,4.899384543464711,94.08788071787139,4.957727919504567,89.36585640644935,4.953894491776668
Zhytomyr-Kropyvnytskyi,2,5.536908416152006,0.6792573848732537,117.71581968654124,5.536908416152006,117.71581968654124,5.536908416152004,117.71581968654124,5.536908416152004,117.71581968654124,5.536908416152004,117.71581968654124,5.536908416152004,117.71581968654124,5.536908416152004,117.82786990340679,5.539670242944453,118.11957017250968,5.548708948810651,114.83463370436068,5.640225845705899,117.71581968654124,5.536908416152004,117.82786990340679,5.539670242944453,118.11957017250968,5.548708948810651,114.83463370436068,5.640225845705899,117.71581968654124,5.536908416152004,117.82786990340679,5.539670242944453,118.11957017250968,5.548708948810651,114.83463370436068,5.640225845705899,117.71581968654124,5.536908416152004,117.82786990340679,5.539670242944453,118.11957017250968,5.548708948810651,114.83463370436068,5.640225845705899,117.71581968654124,5.536908416152004,117.82786990340679,5.539670242944453,118.11957017250968,5.548708948810651,114.83463370436068,5.640225845705899,117.71581968654124,5.536908416152004,117.82786990340679,5.539670242944453,118.11957017250968,5.548708948810651,114.83463370436068,5.640225845705899
Zhytomyr-Poltava,12,6.496891938657734,0.4963784973265028,184.11044675516317,6.496891938657734,184.11044675516317,6.496891938657736,184.11044675516317,6.496891938657736,184.11044675516317,6.496891938657736,184.11044675516317,6.496891938657736,184.11044675516317,6.496891938657736,184.11323452040344,6.498189755038134,184.13046000501723,6.509483518859048,183.52497694388796,6.508250133079093,184.11044675516317,6.496891938657736,184.11323452040344,6.498189755038134,185.18651764963792,6.576844650231874,179.99205339959866,6.596714615344431,184.11044675516317,6.496891938657736,184.11323452040344,6.498189755038134,185.1645497504616,6.579338182360313,179.8953772527172,6.602903640000082,184.11044675516317,6.496891938657736,184.11513322462667,6.498338662287073,185.07606027737103,6.5968667249343165,179.59303558271694,6.611111517200427,184.11044675516317,6.496891938657736,184.11513322462667,6.498338662287073,185.07604359446273,6.598735921067053,179.55672636313471,6.609655552710247,184.11044675516317,6.496891938657736,184.11513322462667,6.498338662287073,185.07604359446273,6.598735921067053,179.55672636313471,6.609655552710247
Zhytomyr-Mykolaiv,2,7.878502496052675,0.31360352451303636,140.80760485085386,7.878502496052675,140.80760485085386,7.878502496052675,140.80760485085386,7.878502496052675,140.80760485085386,7.878502496052675,140.80760485085386,7.878502496052675,140.80760485085386,7.878502496052675,142.02323588427197,7.902668390974358,140.90290703813744,7.884048767018307,136.1314118454696,7.96288504717265,140.80760485085386,7.878502496052675,142.02323588427197,7.902668390974358,140.90290703813744,7.884048767018307,136.1314118454696,7.96288504717265,140.80760485085386,7.878502496052675,142.02323588427197,7.902668390974358,140.90290703813744,7.884048767018307,136.1314118454696,7.96288504717265,140.80760485085386,7.878502496052675,142.02323588427197,7.902668390974358,140.90290703813744,7.884048767018307,136.1314118454696,7.96288504717265,140.80760485085386,7.878502496052675,142.02323588427197,7.902668390974358,140.90290703813744,7.884048767018307,136.1314118454696,7.96288504717265,140.80760485085386,7.878502496052675,142.02323588427197,7.902668390974358,140.90290703813744,7.884048767018307,136.1314118454696,7.96288504717265
Vinnytsia-Cherkasy,3,5.308888822880239,0.11984821747506307,102.3835362688766,5.815682148377733,94.36877560895871,5.308888822880239,94.36877560895871,5.308888822880239,94.36877560895871,5.308888822880239,94.36877560895871,5.308888822880239,101.98345416578007,5.820332881324561,96.49240809145908,5.696625691648975,96.50949074231154,5.595258400786137,83.93640347087408,5.455075535736151,102.3835362688766,5.815682148377733,97.24178904954601,5.696276986960746,96.85161541500624,5.6064026589054246,82.96435000759395,5.467593332936584,102.3835362688766,5.815682148377733,97.24178904954601,5.696276986960746,96.85161541500624,5.6064026589054246,82.96435000759395,5.467593332936584,102.3835362688766,5.815682148377733,97.24178904954601,5.696276986960746,96.85161541500624,5.6064026589054246,82.96435000759395,5.467593332936584,102.3835362688766,5.815682148377733,97.24178904954601,5.696276986960746,96.85161541500624,5.6064026589054246,82.96435000759395,5.467593332936584,102.3835362688766,5.815682148377733,97.24178904954601,5.696276986960746,96.85161541500624,5.6064026589054246,82.96435000759395,5.467593332936584
Vinnytsia-Kropyvnytskyi,1,4.523844241266538,,80.99793055315602,4.523844241266538,80.99793055315602,4.523844241266538,80.99793055315602,4.523844241266538,80.99793055315602,4.523844241266538,80.99793055315602,4.523844241266538,80.99793055315602,4.523844241266538,80.99793055315602,4.523844241266538,80.99793055315602,4.523844241266538,80.99793055315602,4.523844241266538,80.99793055315602,4.523844241266538,80.99793055315602,4.523844241266538,80.99793055315602,4.523844241266538,80.99793055315602,4.523844241266538,80.99793055315602,4.523844241266538,80.99793055315602,4.523844241266538,80.99793055315602,4.523844241266538,80.99793055315602,4.523844241266538,80.99793055315602,4.523844241266538,80.99793055315602,4.523844241266538,80.99793055315602,4.523844241266538,80.99793055315602,4.523844241266538,80.99793055315602,4.523844241266538,80.99793055315602,4.523844241266538,80.99793055315602,4.523844241266538,80.99793055315602,4.523844241266538,80.99793055315602,4.523844241266538,80.99793055315602,4.523844241266538,80.99793055315602,4.523844241266538,80.99793055315602,4.523844241266538
Vinnytsia-Poltava,7,8.109843446411904,0.22541715610921723,205.528107298973,8.412732622248837,186.6433136574026,8.109843446411903,186.6433136574026,8.109843446411903,186.6433136574026,8.109843446411903,186.6433136574026,8.109843446411903,205.528107298973,8.412732622248837,193.04892958749068,8.321444156476527,191.49272784695165,8.271334726894986,162.11667950007202,8.212294903922675,205.528107298973,8.412732622248837,193.105009433439,8.321972116271827,192.87006814340435,8.277380117798554,161.32752952415393,8.221542438759128,205.528107298973,8.412732622248837,193.10464178145588,8.322223325327641,193.57178988824916,8.300513842685193,160.44875576667553,8.24682119664933,205.528107298973,8.412732622248837,193.10464178145588,8.322223325327641,194.23519048669496,8.326453374458673,158.7463094455877,8.291226522025443,205.528107298973,8.412732622248837,193.10464178145588,8.322223325327641,194.23519048669496,8.326453374458673,158.7463094455877,8.291226522025443,205.528107298973,8.412732622248837,193.10464178145588,8.322223325327641,194.23519048669496,8.326453374458673,158.7463094455877,8.291226522025443
Vinnytsia-Mykolaiv,4,6.87028112131075,0.46373632636900086,103.9890562061163,6.87028112131075,103.9890562061163,6.870281121310752,103.9890562061163,6.870281121310752,103.9890562061163,6.870281121310752,103.9890562061163,6.870281121310752,103.9890562061163,6.870281121310752,105.35567719737715,6.902370816969897,104.08076673919398,6.876330818033378,99.45136775606895,6.9411677850823885,103.9890562061163,6.870281121310752,105.35567719737715,6.902370816969897,104.22199779055393,6.936512343089237,96.22814191252053,7.047124680433977,103.9890562061163,6.870281121310752,105.10018627207663,6.908502724806905,104.2274430447811,6.936859547054924,96.08991560057184,7.053618157078873,103.9890562061163,6.870281121310752,105.10018627207663,6.908502724806905,104.2274430447811,6.936859547054924,96.08991560057184,7.053618157078873,103.9890562061163,6.870281121310752,105.10018627207663,6.908502724806905,104.2274430447811,6.936859547054924,96.08991560057184,7.053618157078873,103.9890562061163,6.870281121310752,105.10018627207663,6.908502724806905,104.2274430447811,6.936859547054924,96.08991560057184,7.053618157078873
Vinnytsia-Lutsk,13,5.8503767855638,0.22816961342770642,40.53605287972516,6.397531063619264,53.48730465696838,5.850376785563798,53.48730465696838,5.850376785563798,53.48730465696838,5.850376785563798,53.48730465696838,5.850376785563798,35.799339327918304,6.12608977408179,36.196930393251776,6.115552013122873,41.572053889511885,6.062562129443739,31.950559233567038,5.926625013073688,35.799339327918304,6.12608977408179,36.17270732967106,6.117350082630778,41.57249007418192,6.077074023107554,31.813863346290375,5.930167531621367,35.799339327918304,6.12608977408179,36.099418259516085,6.1183653913023335,41.376395701385185,6.153573597382557,30.657918679316474,5.953831722480539,40.53605287972516,6.397531063619264,39.43665693800099,6.359767481039276,41.97097480160211,6.204937269623066,30.304184358971494,5.960248897942795,40.53605287972516,6.397531063619264,39.43665693800099,6.359860062497195,41.96447683925016,6.206702572254279,30.258485392616173,5.964439824384668,40.53605287972516,6.397531063619264,39.43665693800099,6.359860062497195,41.96447683925016,6.206702572254279,30.258485392616173,5.964439824384668
Khmelnytskyi-Cherkasy,5,7.1741026948666935,0.27910716561488735,118.55817899169922,7.6572561498523894,110.04187148643817,7.174102694866691,110.04187148643817,7.174102694866691,110.04187148643817,7.174102694866691,110.04187148643817,7.174102694866691,115.97175159684451,7.431067458194505,111.93583440464131,7.3689132730161155,111.60336694499165,7.3386779978334,99.35848307143307,7.242991419296916,115.97175159684451,7.431067458194505,112.19629343532107,7.379860537966564,111.9383122819039,7.361042141997447,98.25917364564616,7.273716855075971,118.55817899169922,7.657256149852387,113.19798076418539,7.552568651679357,113.13812899790508,7.4760424632493345,92.73854024110078,7.3637746544246925,118.55817899169922,7.657256149852387,113.19798076418539,7.552568651679357,113.13812899790508,7.4760424632493345,92.73854024110078,7.3637746544246925,118.55817899169922,7.657256149852387,113.19798076418539,7.552568651679357,113.13812899790508,7.4760424632493345,92.73854024110078,7.3637746544246925,118.55817899169922,7.657256149852387,113.19798076418539,7.552568651679357,113.13812899790508,7.4760424632493345,92.73854024110078,7.3637746544246925
Khmelnytskyi-Kropyvnytskyi,1,6.3890581132529904,,96.6529140173136,6.3890581132529904,96.6529140173136,6.38905811325299,96.6529140173136,6.38905811325299,96.6529140173136,6.38905811325299,96.6529140173136,6.38905811325299,96.6529140173136,6.38905811325299,96.6529140173136,6.38905811325299,96.6529140173136,6.38905811325299,96.6529140173136,6.38905811325299,96.6529140173136,6.38905811325299,96.6529140173136,6.38905811325299,96.6529140173136,6.38905811325299,96.6529140173136,6.38905811325299,96.6529140173136,6.38905811325299,96.6529140173136,6.38905811325299,96.6529140173136,6.38905811325299,96.6529140173136,6.38905811325299,96.6529140173136,6.38905811325299,96.6529140173136,6.38905811325299,96.6529140173136,6.38905811325299,96.6529140173136,6.38905811325299,96.6529140173136,6.38905811325299,96.6529140173136,6.38905811325299,96.6529140173136,6.38905811325299,96.6529140173136,6.38905811325299,96.6529140173136,6.38905811325299,96.6529140173136,6.38905811325299,96.6529140173136,6.38905811325299,96.6529140173136,6.38905811325299
Khmelnytskyi-Poltava,10,9.65325841252549,0.32101874297682165,218.71263243722558,9.929405634104608,215.93295771705567,9.65325841252549,215.93295771705567,9.65325841252549,215.93295771705567,9.65325841252549,215.93295771705567,9.65325841252549,218.71263243722558,9.92940563410461,216.67571139119622,9.831250110627675,216.52433848090655,9.781946184088568,209.0390266875199,9.748021463992854,218.71263243722558,9.92940563410461,207.3440624247621,9.912751072766602,209.64643164472486,9.855570314331734,170.38780485631636,9.84865754324875,218.71263243722558,9.92940563410461,207.63109594858173,9.914800024763888,210.838452846098,9.904417093644255,167.23903314602018,9.917525784235542,218.71263243722558,9.92940563410461,207.69004929766962,9.91509048808132,211.06868625444244,9.921374690428225,166.73033433723432,9.934478225027407,218.71263243722558,9.92940563410461,207.69004929766962,9.91509048808132,211.06868625444244,9.921374690428225,166.73033433723432,9.934478225027407,218.71263243722558,9.92940563410461,207.69004929766962,9.91509048808132,211.06868625444244,9.921374690428225,166.73033433723432,9.934478225027407
Khmelnytskyi-Mykolaiv,3,8.7354949932972,0.34898838169620633,119.62830866766325,8.7354949932972,119.62830866766325,8.735494993297198,119.62830866766325,8.735494993297198,119.62830866766325,8.735494993297198,119.62830866766325,8.735494993297198,119.62830866766325,8.735494993297198,121.01571532631587,8.763182845451286,119.62693864367228,8.740541547630702,115.15744797112875,8.810920521579026,119.62830866766325,8.735494993297198,122.30556713172595,8.88160092757635,121.35267897848226,8.885825991913197,105.15889037271204,9.028880338070715,119.62830866766325,8.735494993297198,122.30556713172595,8.88160092757635,121.35267897848226,8.885825991913197,105.15889037271204,9.028880338070715,119.62830866766325,8.735494993297198,122.30556713172595,8.88160092757635,121.35267897848226,8.885825991913197,105.15889037271204,9.028880338070715,119.62830866766325,8.735494993297198,122.30556713172595,8.88160092757635,121.35267897848226,8.885825991913197,105.15889037271204,9.028880338070715,119.62830866766325,8.735494993297198,122.30556713172595,8.88160092757635,121.35267897848226,8.885825991913197,105.15889037271204,9.028880338070715
Khmelnytskyi-Lutsk,5,4.272065293066418,0.2732730705350317,24.062921579166535,4.698596052888493,19.619654271665837,4.272065293066418,19.619654271665837,4.272065293066418,19.619654271665837,4.272065293066418,19.619654271665837,4.272065293066418,19.619654271665837,4.272065293066418,19.609719675964385,4.277928177414568,20.845696656279408,4.336242937805982,18.24310147735351,4.305148711888118,19.619654271665837,4.272065293066418,19.548356601385496,4.280091684751497,20.990269753306592,4.34001696082209,18.065900767316542,4.305513605214826,24.062921579166535,4.698596052888492,22.573686111906355,4.672659338724513,21.108163832352258,4.3870380618302045,17.67917419084631,4.311579542863202,24.062921579166535,4.698596052888492,22.573686111906355,4.672659338724513,21.108163832352258,4.3870380618302045,17.67917419084631,4.311579542863202,24.062921579166535,4.698596052888492,22.573686111906355,4.672659338724513,21.108163832352258,4.3870380618302045,17.67917419084631,4.311579542863202,24.062921579166535,4.698596052888492,22.573686111906355,4.672659338724513,21.108163832352258,4.3870380618302045,17.67917419084631,4.311579542863202
Cherkasy-Mykolaiv,2,5.151736935331038,0.6983230900807801,93.92878866865841,5.151736935331038,93.92878866865841,5.151736935331039,93.92878866865841,5.151736935331039,93.92878866865841,5.151736935331039,93.92878866865841,5.151736935331039,93.92878866865841,5.151736935331039,93.92878866865841,5.151736935331039,93.92878866865841,5.151837163555096,93.2470861015141,5.183008141236896,93.92878866865841,5.151736935331039,93.92878866865841,5.151736935331039,93.92878866865841,5.151837163555096,93.2470861015141,5.183008141236896,93.92878866865841,5.151736935331039,93.92878866865841,5.151736935331039,93.92878866865841,5.151837163555096,93.2470861015141,5.183008141236896,93.92878866865841,5.151736935331039,93.92878866865841,5.151736935331039,93.92878866865841,5.151837163555096,93.2470861015141,5.183008141236896,93.92878866865841,5.151736935331039,93.92878866865841,5.151736935331039,93.92878866865841,5.151837163555096,93.2470861015141,5.183008141236896,93.92878866865841,5.151736935331039,93.92878866865841,5.151736935331039,93.92878866865841,5.151837163555096,93.2470861015141,5.183008141236896
Cherkasy-Lutsk,14,8.767824019702356,0.2839036164901595,124.55232434941405,8.925184801525988,124.51713862899854,8.767824019702358,124.51713862899854,8.767824019702358,124.51713862899854,8.767824019702358,124.51713862899854,8.767824019702358,124.51713862899854,8.767824019702358,124.44062753368131,8.789123676367934,124.6843272247567,8.799673973594809,122.1680833611703,8.85730248391896,124.51713862899854,8.767824019702358,124.57046128733046,8.863369359960759,124.71270943879954,8.808760046156014,120.74592559903475,8.986440424313443,124.51713862899854,8.767824019702358,124.58770684937213,8.874743639270296,125.63336261796232,8.896449653365753,118.75419528356353,9.00599279981599,124.55232434941405,8.925184801525988,124.73232210087099,8.994428907673417,125.36910832032018,9.01044106970723,117.01565484275604,9.076207489145458,124.55232434941405,8.925184801525988,124.73232210087099,8.994428907673417,125.51044321788471,9.00930526522311,116.93349756088817,9.083564056537067,124.55232434941405,8.925184801525988,124.73232210087099,8.994428907673417,125.51044321788471,9.00930526522311,116.93349756088817,9.083564056537067
Kropyvnytskyi-Lutsk,2,9.47154775499157,0.4822831166957195,149.88717947048772,9.47154775499157,149.88717947048772,9.47154775499157,149.88717947048772,9.47154775499157,149.88717947048772,9.47154775499157,149.88717947048772,9.47154775499157,149.88717947048772,9.47154775499157,149.88731358655994,9.471688950125444,149.9175958155271,9.475030568293775,149.6560046223459,9.500304497257046,149.88717947048772,9.47154775499157,149.88731358655994,9.471688950125444,149.9175958155271,9.475030568293775,149.6560046223459,9.500304497257046,149.88717947048772,9.47154775499157,149.88731358655994,9.471688950125444,149.9175958155271,9.475030568293775,149.6560046223459,9.500304497257046,149.88717947048772,9.47154775499157,149.88731358655994,9.471688950125444,149.9175958155271,9.475030568293775,149.6560046223459,9.500304497257046,149.88717947048772,9.47154775499157,149.88731358655994,9.471688950125444,149.9175958155271,9.475030568293775,149.6560046223459,9.500304497257046,149.88717947048772,9.47154775499157,149.88731358655994,9.471688950125444,149.9175958155271,9.475030568293775,149.6560046223459,9.500304497257046
Poltava-Mykolaiv,1,6.529393735189878,,154.45279992132913,6.529393735189878,154.45279992132913,6.529393735189876,154.45279992132913,6.529393735189876,154.45279992132913,6.529393735189876,154.45279992132913,6.529393735189876,154.45279992132913,6.529393735189876,154.45279992132913,6.529393735189876,154.45279992132913,6.529393735189876,154.45279992132913,6.529393735189876,154.45279992132913,6.529393735189876,154.45279992132913,6.529393735189876,154.45279992132913,6.529393735189876,154.45279992132913,6.529393735189876,154.45279992132913,6.529393735189876,154.45279992132913,6.529393735189876,154.45279992132913,6.529393735189876,154.45279992132913,6.529393735189876,154.45279992132913,6.529393735189876,154.45279992132913,6.529393735189876,154.45279992132913,6.529393735189876,154.45279992132913,6.529393735189876,154.45279992132913,6.529393735189876,154.45279992132913,6.529393735189876,154.45279992132913,6.529393735189876,154.45279992132913,6.529393735189876,154.45279992132913,6.529393735189876,154.45279992132913,6.529393735189876,154.45279992132913,6.529393735189876,154.45279992132913,6.529393735189876
Poltava-Lutsk,11,10.398868926366957,0.3643703795779955,216.00914884103545,10.56141718481617,215.87239270809,10.398868926366955,215.87239270809,10.398868926366955,215.87239270809,10.398868926366955,215.87239270809,10.398868926366955,215.87239270809,10.398868926366955,215.9378533935081,10.405383715562474,215.90806590242872,10.40590489869812,215.21268285616344,10.447547431235876,215.87239270809,10.398868926366955,216.21038307693286,10.493638838458578,215.95735499148086,10.418463335374408,213.50860611609417,10.684920451361219,216.00914884103545,10.561417184816168,216.57034133819414,10.5944081328458,216.41444878617517,10.561305109215215,206.21226107476568,10.832584513579201,216.00914884103545,10.561417184816168,216.571177017692,10.594519390935655,216.5491229533473,10.580263951498983,206.01317543637478,10.845067059303883,216.00914884103545,10.561417184816168,216.571177017692,10.594519390935655,216.53681830034296,10.580231048431235,206.01105698774,10.84429558068281,216.00914884103545,10.561417184816168,216.571177017692,10.594519390935655,216.53681830034296,10.580231048431235,206.01105698774,10.84429558068281
Mykolaiv-Lutsk,5,11.813141834892251,0.3955651147970847,173.05430650707137,11.813141834892251,173.05430650707137,11.813141834892253,173.05430650707137,11.813141834892253,173.05430650707137,11.813141834892253,173.05430650707137,11.813141834892253,173.05430650707137,11.813141834892253,173.87382314253574,11.842064994247444,173.0960606574525,11.819707214623188,167.87743178672102,11.911799973551673,173.05430650707137,11.813141834892253,173.93416123988783,11.84478388662028,173.18761869239682,11.825170392794947,166.35431319912118,11.937963187286293,173.05430650707137,11.813141834892253,173.24666570814102,11.944557732470583,172.84140996109193,12.138367418981167,158.87051189327974,12.251606253655213,173.05430650707137,11.813141834892253,173.24666570814102,11.944557732470583,172.84140996109193,12.138367418981167,158.87051189327974,12.251606253655213,173.05430650707137,11.813141834892253,173.24666570814102,11.944557732470583,172.84140996109193,12.138367418981167,158.87051189327974,12.251606253655213,173.05430650707137,11.813141834892253,173.24666570814102,11.944557732470583,172.84140996109193,12.138367418981167,158.87051189327974,12.251606253655213
