u,v,length_m,time_s,profile_json
0,44,20830.096810192197,1302.3575365569432,"[[""Дніпропетровська область"", 2903.4052913421906, 304.4367638548024], [""Дніпропетровська область"", 4966.8996112119175, 302.2148333960838], [""Дніпропетровська область"", 5691.137555829438, 306.87804147269566], [""Дніпропетровська область"", 6040.724018529219, 325.72847479051086], [""Дніпропетровська область"", 1227.93033327944, 63.099423042850205]]"
0,5,99070.19382278106,4124.765413799196,"[[""Дніпропетровська область"", 1650.907905593565, 135.07855621997504], [""Дніпропетровська область"", 3170.486476591518, 222.9175159559458], [""Дніпропетровська область"", 3009.995452279179, 209.5836781551267], [""Дніпропетровська область"", 1770.0091751495709, 122.05758597455919], [""Дніпропетровська область"", 4435.554442320485, 296.64768074279095], [""Дніпропетровська область"", 1353.5235077597213, 89.87824788695823], [""Дніпропетровська область"", 8273.168571756745, 301.86918759694777], [""Дніпропетровська область"", 8376.14446016402, 305.6265445885239], [""Дніпропетровська область"", 4920.2754908955485, 179.38081071931305], [""Дніпропетровська область"", 8140.817330939828, 296.5155991905972], [""Дніпропетровська область"", 7770.272778890044, 282.5987347548827], [""Дніпропетровська область"", 6851.60262302758, 249.54796090139723], [""Дніпропетровська область"", 7511.3102005216415, 273.2580588137708], [""Харківська область"", 3024.3291057725205, 110.11317007488006], [""Харківська область"", 8019.5926980724325, 292.2071949828719], [""Харківська область"", 7550.80470362232, 275.0671591078872], [""Харківська область"", 6995.310471323801, 254.99625390629092], [""Харківська область"", 6246.08842810052, 227.421474226477]]"
1,23,25177.67517744878,1369.2037529871855,"[[""Черкаська область"", 3429.1848275918715, 130.02123388033618], [""Черкаська область"", 4907.8920239046865, 182.6539825446857], [""Черкаська область"", 7895.611657643536, 287.9548228801227], [""Черкаська область"", 1275.6552826716868, 56.4941666651406], [""Черкаська область"", 3279.2843750594616, 318.8926016219169], [""Черкаська область"", 162.89781695009685, 14.641405733015244], [""Черкаська область"", 3487.8681646237255, 314.8986110436324], [""Черкаська область"", 739.2810290037123, 63.64692861833549]]"
1,60,90589.2628173903,5039.750359205115,"[[""Черкаська область"", 3076.338363746787, 254.5833302215946], [""Черкаська область"", 5179.15881881233, 302.68873490238417], [""Черкаська область"", 5660.735702279428, 315.9472850285374], [""Черкаська область"", 5605.2704122686355, 312.8515553011854], [""Черкаська область"", 6215.763694035612, 346.9255175998965], [""Черкаська область"", 6047.585228131361, 337.5388349322502], [""Черкаська область"", 5434.978692520823, 303.3469238633499], [""Черкаська область"", 5495.9182239597985, 306.74819191783666], [""Кіровоградська область"", 477.21474346901397, 26.635177917582684], [""Кіровоградська область"", 4400.412978438342, 312.3118984541754], [""Кіровоградська область"", 4187.508014562097, 322.4127957344064], [""Кіровоградська область"", 6464.716060523712, 316.12968470397726], [""Кіровоградська область"", 6959.859150719694, 340.3425700838694], [""Кіровоградська область"", 6160.653240511912, 301.2607743727869], [""Кіровоградська область"", 6264.210102468564, 306.3247861271776], [""Кіровоградська область"", 6638.9348056795325, 324.64911795673027], [""Кіровоградська область"", 6320.004585262654, 309.05318008737385]]"
1,51,154007.0455261367,8746.159748377222,"[[""Черкаська область"", 2202.472925957727, 160.74065567477288], [""Черкаська область"", 4312.807643872568, 310.2016401073777], [""Черкаська область"", 415.27835784301743, 19.000045009958413], [""Черкаська область"", 6834.577041004931, 312.6993471983685], [""Черкаська область"", 6600.562609636447, 301.99258956217653], [""Черкаська область"", 6801.297936976212, 311.17674323287196], [""Черкаська область"", 6735.054738501554, 308.14594779445923], [""Черкаська область"", 7179.288582280169, 328.47078020465466], [""Черкаська область"", 6805.825456464451, 311.3838888074855], [""Черкаська область"", 307.7398261656441, 14.07988265719908], [""Черкаська область"", 5332.587513563956, 317.6295928547682], [""Черкаська область"", 5537.222955050537, 329.1907716469573], [""Черкаська область"", 5122.864390874714, 304.5569404671687], [""Черкаська область"", 5190.060754843701, 308.55179909691657], [""Черкаська область"", 5080.372670243998, 302.03078567503167], [""Черкаська область"", 5498.015606388285, 326.85987446887174], [""Черкаська область"", 4189.626401620045, 249.07545880987198], [""Черкаська область"", 1640.4714287479644, 105.56687446393971], [""Черкаська область"", 3987.3819671501396, 315.242541381264], [""Черкаська область"", 4760.189653415426, 306.41363340308186], [""Черкаська область"", 5273.487263185061, 303.23719838712685], [""Черкаська область"", 5808.2035538944, 333.98456949743917], [""Черкаська область"", 5315.304119709045, 305.6417602614321], [""Черкаська область"", 5266.443738973575, 302.8321801435874], [""Черкаська область"", 152.87540665451914, 9.200002425592016], [""Черкаська область"", 4576.3550088260035, 313.3483207267585], [""Черкаська область"", 5448.681389867824, 318.69618602480534], [""Черкаська область"", 5714.919643261796, 334.2685988453361], [""Черкаська область"", 5500.123252130849, 321.7050470926824], [""Черкаська область"", 5216.576301204216, 305.12023962214084], [""Черкаська область"", 5319.182886509513, 311.1217517418686], [""Черкаська область"", 5246.231519017321, 306.8547886141862], [""Черкаська область"", 634.9629823011107, 37.139312477070504]]"
2,3,57051.21419886939,3016.1757908386885,"[[""Полтавська область"", 3603.1345415729106, 308.8449011309497], [""Полтавська область"", 3815.3978071380916, 309.27520387750235], [""Полтавська область"", 5907.670284617494, 284.98617556221717], [""Кіровоградська область"", 6320.090771355757, 304.8813510842979], [""Кіровоградська область"", 6368.736207903646, 307.2280082693536], [""Кіровоградська область"", 6227.6901242109025, 300.42394134735775], [""Кіровоградська область"", 6355.8249809716735, 306.6051703302187], [""Кіровоградська область"", 6490.901690456685, 313.12127447771945], [""Кіровоградська область"", 6252.366661226225, 301.6143381656142], [""Кіровоградська область"", 5709.40112941599, 279.1954265934585]]"
2,4,2656.352081899246,215.69376156600754,"[[""Полтавська область"", 2656.352081899246, 215.69376156600754]]"
2,44,135580.22482128534,7078.203874427969,"[[""Полтавська область"", 2110.1793733251748, 132.31615914962586], [""Полтавська область"", 4469.048719409107, 300.4905006626864], [""Полтавська область"", 5617.639715459247, 300.44384884934806], [""Полтавська область"", 5847.145998154147, 312.7183545849521], [""Кіровоградська область"", 4579.655948919498, 244.93017163645283], [""Кіровоградська область"", 5867.0320780328075, 313.78190630416066], [""Кіровоградська область"", 6554.022064832932, 350.5236566138491], [""Кіровоградська область"", 6194.6225897095965, 331.30217445233893], [""Дніпропетровська область"", 3009.0801095430165, 160.93228747283842], [""Дніпропетровська область"", 5896.8762810476655, 315.3780405658418], [""Дніпропетровська область"", 5733.981328148597, 306.66605669253494], [""Дніпропетровська область"", 5632.0059303013395, 301.21218592669334], [""Дніпропетровська область"", 5639.6294836389125, 301.61991049121923], [""Дніпропетровська область"", 5698.409672726271, 304.76360555534006], [""Дніпропетровська область"", 6082.340397644453, 325.297073440172], [""Дніпропетровська область"", 5863.261467922191, 304.8208171343364], [""Дніпропетровська область"", 6368.927761729605, 300.64135033010854], [""Дніпропетровська область"", 6534.512655191975, 308.45768422918775], [""Дніпропетровська область"", 6461.853630204046, 305.02785927226154], [""Дніпропетровська область"", 6600.996991863424, 311.59603679032244], [""Дніпропетровська область"", 6420.039158880048, 303.0540326577212], [""Дніпропетровська область"", 3918.051087417639, 313.04620792067504], [""Дніпропетровська область"", 5638.26091270363, 305.3589614961733], [""Дніпропетровська область"", 8842.651464480057, 323.8249921991281]]"
3,43,69437.5722298024,3567.0086683072154,"[[""Кіровоградська область"", 6758.889779359037, 350.49914063494606], [""Кіровоградська область"", 6476.388369703745, 335.6334017326251], [""Кіровоградська область"", 6232.2825093706715, 322.9828200180195], [""Кіровоградська область"", 6180.436909182385, 320.29596522137604], [""Кіровоградська область"", 6724.498842891409, 306.61654293079226], [""Кіровоградська область"", 6901.700775711089, 305.6526418864079], [""Кіровоградська область"", 6892.006554909391, 371.1553305022218], [""Кіровоградська область"", 5758.31446821052, 310.1025938609978], [""Кіровоградська область"", 5684.639211767507, 306.13495919073415], [""Кіровоградська область"", 5703.075605574206, 307.1278145779247], [""Кіровоградська область"", 5705.84496411785, 307.27695288436075], [""Кіровоградська область"", 419.4942390045942, 23.530504866811754]]"
3,44,148515.15820472088,7155.665773341888,"[[""Кіровоградська область"", 7514.962485624386, 369.51014318377355], [""Кіровоградська область"", 6928.841861432082, 340.69063594304447], [""Кіровоградська область"", 6143.18210432477, 302.05980446546965], [""Кіровоградська область"", 6115.723339719601, 300.7096590641699], [""Кіровоградська область"", 6925.300198542234, 340.51649264372134], [""Кіровоградська область"", 3351.3419196386776, 164.78523145689144], [""Дніпропетровська область"", 6286.5770081698865, 309.1105211593975], [""Дніпропетровська область"", 6884.975532323754, 338.5337318226616], [""Дніпропетровська область"", 6376.134945431685, 313.5140782342536], [""Дніпропетровська область"", 6225.840877105605, 306.1241301389602], [""Дніпропетровська область"", 6140.577290716505, 301.9317259752312], [""Дніпропетровська область"", 6312.548707982041, 310.38754769607976], [""Дніпропетровська область"", 6184.028612905211, 304.06822423642507], [""Дніпропетровська область"", 6203.5677937692435, 305.02896429767935], [""Дніпропетровська область"", 6278.178923755607, 308.6975879770528], [""Дніпропетровська область"", 6294.171948296162, 309.4839637971884], [""Дніпропетровська область"", 6121.308701930963, 300.98429090623193], [""Дніпропетровська область"", 7162.34940209512, 352.1721842475029], [""Дніпропетровська область"", 6469.0345286685115, 302.2966660053285], [""Дніпропетровська область"", 7604.9432916571695, 339.08892215709477], [""Дніпропетровська область"", 8216.092213081318, 366.33880701429376], [""Дніпропетровська область"", 6763.622244802124, 301.5761313281193], [""Дніпропетровська область"", 6011.854272748181, 268.05632959131384]]"
4,23,133377.93762876498,8173.117660811661,"[[""Полтавська область"", 1749.5422715154934, 137.7389273711044], [""Полтавська область"", 4962.160695818832, 307.46699954867273], [""Полтавська область"", 4898.176719562509, 303.50240380003004], [""Кіровоградська область"", 4639.77353900215, 287.4911426839453], [""Кіровоградська область"", 4835.565386412777, 303.7891927494987], [""Кіровоградська область"", 4841.686831514422, 305.4977543839456], [""Кіровоградська область"", 4899.304657856832, 301.61162041756467], [""Кіровоградська область"", 5303.038088284252, 306.77375351801595], [""Кіровоградська область"", 5384.891928691248, 311.50889014035965], [""Кіровоградська область"", 5384.999505455011, 311.5151133141446], [""Кіровоградська область"", 5311.210924703769, 307.24654131692745], [""Кіровоградська область"", 5218.802632833263, 301.90084360905473], [""Черкаська область"", 283.85449073610414, 16.420607607635187], [""Черкаська область"", 4393.086187956369, 303.1042306813705], [""Черкаська область"", 4138.583028451271, 303.8595137097518], [""Черкаська область"", 4143.067647129724, 302.16140172604764], [""Черкаська область"", 4776.761084207322, 302.76974279357694], [""Черкаська область"", 5440.12486396543, 302.1072260075614], [""Черкаська область"", 5445.802728802406, 304.3621411781349], [""Черкаська область"", 5407.244086263938, 302.20712536350374], [""Черкаська область"", 5910.908378343904, 330.3565736646066], [""Черкаська область"", 6128.756999970272, 342.5319821824778], [""Черкаська область"", 5396.718604008903, 301.6188634532566], [""Черкаська область"", 6362.415200455554, 355.59097710849665], [""Черкаська область"", 5427.905421414294, 303.3618730690537], [""Черкаська область"", 5495.938914782869, 307.1642178737912], [""Черкаська область"", 4024.534843729746, 308.07577151357907], [""Черкаська область"", 3173.081966896474, 301.3822300255575]]"
4,67,109924.11190249857,5851.481395852807,"[[""Полтавська область"", 4026.698875101082, 282.9004961636342], [""Полтавська область"", 6014.487160624335, 304.94403215642734], [""Полтавська область"", 5943.385717091625, 301.3390762717504], [""Полтавська область"", 6082.740950524457, 308.4046074883299], [""Полтавська область"", 6634.697346167009, 336.3896716121171], [""Полтавська область"", 6000.041888472699, 304.21163396222124], [""Полтавська область"", 6464.489299236076, 327.75985384870194], [""Полтавська область"", 6284.281874741584, 318.6230517935503], [""Полтавська область"", 6520.764858285802, 330.61311389069346], [""Полтавська область"", 6314.680080201018, 320.1642889922606], [""Полтавська область"", 8563.716206026898, 434.19398535021594], [""Полтавська область"", 5976.923505438706, 303.0394952991818], [""Полтавська область"", 6011.565892566385, 304.7959192356062], [""Полтавська область"", 6329.935712258818, 320.93777371814986], [""Полтавська область"", 6102.918256331486, 309.42762887428125], [""Полтавська область"", 5953.4756741971705, 301.8506530898361], [""Полтавська область"", 5981.735746176726, 303.2834835321214], [""Полтавська область"", 3173.253713962522, 310.4398666809267], [""Полтавська область"", 1544.3191450942013, 128.16276389279523]]"
5,33,95377.82772285811,3462.558888777069,"[[""Харківська область"", 1507.000212068676, 54.709538938647555], [""Харківська область"", 8303.593146446026, 301.45035743065534], [""Харківська область"", 8390.842094404094, 304.61780868742426], [""Харківська область"", 10017.139107189707, 363.65825143869984], [""Харківська область"", 8287.276043170421, 300.8579877747828], [""Харківська область"", 8982.693857237286, 326.1041607166528], [""Харківська область"", 8369.008641007322, 303.8251756411845], [""Харківська область"", 8333.697829098175, 302.54326590844016], [""Харківська область"", 8276.297753868786, 300.45943630729323], [""Харківська область"", 8267.598970821764, 300.14363913220404], [""Харківська область"", 8348.125150372722, 303.06702966688493], [""Харківська область"", 8294.554917173045, 301.1222371341971]]"
5,79,65111.04784233878,3705.550327836861,"[[""Харківська область"", 4314.744256960384, 277.94352197549637], [""Харківська область"", 5143.452456471585, 331.3265412101935], [""Харківська область"", 4497.436209053696, 316.1339133153553], [""Харківська область"", 5477.153551782167, 343.15735026212917], [""Полтавська область"", 3333.0744280621975, 177.82344331137944], [""Полтавська область"", 5875.993392527962, 313.4911627346168], [""Полтавська область"", 6737.9251143745405, 359.47623447127614], [""Полтавська область"", 5756.3674590791215, 307.108978401704], [""Полтавська область"", 6145.091167059028, 327.8478456972483], [""Полтавська область"", 6042.668243994268, 322.38346221392453], [""Полтавська область"", 5645.842624805873, 301.2123484205623], [""Полтавська область"", 6141.2989381679845, 327.6455258229748]]"
6,16,101058.83590173954,5462.2739862721155,"[[""Хмельницька область"", 4574.867327705117, 247.69511603467078], [""Хмельницька область"", 6451.123198193436, 349.2804478620885], [""Хмельницька область"", 5843.1466100920225, 303.60533523836256], [""Хмельницька область"", 7895.461212729457, 361.0668036402871], [""Хмельницька область"", 5960.096358052688, 307.47517501394253], [""Хмельницька область"", 6618.003505704186, 341.4159208030193], [""Хмельницька область"", 6241.284491963794, 321.9813785200902], [""Хмельницька область"", 5875.245025136938, 303.09778296000593], [""Хмельницька область"", 209.0099122569619, 11.231577372643219], [""Хмельницька область"", 5538.367798838866, 312.7295655344722], [""Хмельницька область"", 5446.611330630906, 307.5484433194273], [""Хмельницька область"", 5531.171975156617, 312.3232460382689], [""Хмельницька область"", 5910.978591129881, 333.76941254699005], [""Хмельницька область"", 6020.971907082374, 347.46137080578654], [""Хмельницька область"", 5693.428190912583, 340.6636055438103], [""Хмельницька область"", 5135.062437490948, 307.2540525654472], [""Хмельницька область"", 6437.732534774119, 347.77184002001866], [""Хмельницька область"", 189.09251927739342, 10.19048015080074], [""Тернопільська область"", 5487.180974611269, 295.712432301983]]"
6,26,71893.33377874258,3623.6041034682107,"[[""Хмельницька область"", 3557.484639465281, 195.19406240260236], [""Хмельницька область"", 6326.446581795815, 300.58396832798553], [""Хмельницька область"", 7141.949618141624, 322.00749652640883], [""Хмельницька область"", 6718.422906409456, 301.694152652894], [""Хмельницька область"", 5433.239530476607, 301.0258069697503], [""Хмельницька область"", 5193.038888017938, 317.3478468960958], [""Хмельницька область"", 6926.318425424366, 345.74740965855574], [""Хмельницька область"", 6235.665693782711, 311.27146179248905], [""Хмельницька область"", 453.94560754882, 23.178725660458888], [""Хмельницька область"", 6367.224384382015, 317.8385979965965], [""Хмельницька область"", 6077.966438413121, 303.3994429651452], [""Хмельницька область"", 5852.384952331016, 292.39567336492564], [""Хмельницька область"", 5609.246112553807, 291.9194582543029]]"
6,73,68271.83142759361,3420.3451207822486,"[[""Хмельницька область"", 5857.164460938715, 313.2046197844281], [""Хмельницька область"", 4963.124580990223, 265.1655459708635], [""Житомирська область"", 5645.190181669872, 301.6063595029065], [""Житомирська область"", 5750.516616382227, 307.2336495517278], [""Житомирська область"", 1962.2542477662807, 103.81954098102555], [""Житомирська область"", 6437.982891464132, 310.8955029578638], [""Житомирська область"", 4752.154399211008, 229.48545483632597], [""Житомирська область"", 4216.073499056775, 203.59766608489429], [""Житомирська область"", 6592.15242413, 318.3404768273164], [""Житомирська область"", 6626.168583630322, 319.98314522125827], [""Житомирська область"", 5082.089455260009, 245.41829077625766], [""Житомирська область"", 1953.9700039929426, 94.35882284828675], [""Житомирська область"", 5467.700077866879, 264.0397457385267], [""Житомирська область"", 2808.0503795866753, 135.60306850925457], [""Вінницька область"", 157.23962564754953, 7.593231191312412]]"
7,75,10166.89227176643,958.9534770717327,"[[""Львівська область"", 406.84392673139325, 40.97186827626388], [""Львівська область"", 2980.1028382568716, 303.10204199641015], [""Львівська область"", 2985.858485840494, 303.687440766282], [""Львівська область"", 3794.0870209376744, 311.19212603277657]]"
7,29,2633.8019018105642,273.6121630857068,"[[""Львівська область"", 2633.8019018105642, 273.6121630857068]]"
7,85,1930.7047774229268,242.19878064522766,"[[""Львівська область"", 1504.1849023533207, 162.87259425277682], [""Львівська область"", 426.5198750696063, 58.17722491051552]]"
8,73,28365.83418503334,1317.416249581814,"[[""Вінницька область"", 2127.4593925849963, 111.67676044476954], [""Вінницька область"", 6117.174491605244, 304.00222756479883], [""Вінницька область"", 7307.62096738206, 327.4930929174692], [""Вінницька область"", 7332.912765967707, 328.6265519982331], [""Житомирська область"", 5480.66656749334, 245.61761665654313]]"
8,82,77542.91891357579,4417.833996162891,"[[""Вінницька область"", 5958.9172457929635, 318.9836197847971], [""Вінницька область"", 5616.051195106427, 300.6298401570426], [""Вінницька область"", 5754.221591258443, 308.0261659145092], [""Вінницька область"", 4530.90812604534, 242.54162549054962], [""Житомирська область"", 5895.465322875894, 315.58700875303913], [""Житомирська область"", 5926.241959643397, 317.23449647538183], [""Житомирська область"", 5729.263623839091, 306.69015427657], [""Житомирська область"", 5722.093716695694, 316.05741401544833], [""Житомирська область"", 5975.501257659826, 365.34438318931706], [""Житомирська область"", 5269.542245295428, 322.1817849723738], [""Житомирська область"", 4346.057182207765, 265.71956260637245], [""Київська область"", 5103.441865549563, 312.0263455926272], [""Київська область"", 4984.794680903925, 304.7722123203859], [""Київська область"", 4912.778286606026, 300.36910302130275], [""Київська область"", 1817.640614095955, 121.67027959317201]]"
8,54,27539.820893124197,1500.8648985404636,"[[""Вінницька область"", 3399.4838870153662, 185.31043465624447], [""Вінницька область"", 5654.986114801689, 308.260891869964], [""Вінницька область"", 726.2722717444885, 39.381614673455275], [""Житомирська область"", 832.8946592653049, 45.24292551077019], [""Житомирська область"", 5604.536588617864, 305.51082040734144], [""Житомирська область"", 5592.085484972817, 304.8320940167775], [""Житомирська область"", 5729.561886706663, 312.3261174059111]]"
8,65,56869.946558064345,2797.636584675861,"[[""Вінницька область"", 2866.8666118441806, 141.03252128828922], [""Вінницька область"", 6191.508914733365, 304.5848415884465], [""Вінницька область"", 6295.226335508818, 309.6871122323084], [""Вінницька область"", 6588.259474905786, 324.1025727561562], [""Вінницька область"", 6790.9970819561495, 334.0760384779794], [""Вінницька область"", 3223.5619221878724, 158.5584873757339], [""Вінницька область"", 6144.5342585607295, 302.2739722339716], [""Вінницька область"", 6409.626834495753, 315.31492579786084], [""Вінницька область"", 6220.5478471015595, 306.0133816643908], [""Вінницька область"", 6138.8172767701135, 301.9927312607229]]"
9,45,13708.245032349982,1056.007590449524,"[[""Житомирська область"", 1944.2732568355334, 137.1856357025278], [""Житомирська область"", 4222.196250471298, 307.16697343640317], [""Житомирська область"", 4029.0331096169652, 307.9898629286205], [""Житомирська область"", 3512.742415426182, 303.66511838197255]]"
9,11,75935.86989554222,3228.144569525261,"[[""Житомирська область"", 5612.121304065578, 240.4241376130044], [""Житомирська область"", 6024.375926388644, 253.27593283909712], [""Житомирська область"", 2383.8437354964108, 99.18112540847743], [""Житомирська область"", 6986.770001035138, 295.9564814672026], [""Житомирська область"", 6616.801276179325, 279.73703728623644], [""Житомирська область"", 5671.397691125904, 243.23154703149015], [""Житомирська область"", 4506.510106156769, 188.89049781724276], [""Житомирська область"", 6140.541822434617, 261.61814065782664], [""Житомирська область"", 6094.081844478591, 256.52474259234367], [""Житомирська область"", 2073.571789318454, 87.52211496598045], [""Житомирська область"", 6374.221077156242, 269.0589238968973], [""Житомирська область"", 6455.130796108928, 281.79546538544014], [""Житомирська область"", 5584.4722570128215, 241.81445505941872], [""Житомирська область"", 5412.030268584796, 229.11396750460324]]"
9,50,22753.896470220934,1278.988091126685,"[[""Житомирська область"", 306.22055030723175, 13.846968299253327], [""Житомирська область"", 6735.352158837741, 304.5654765304336], [""Житомирська область"", 6179.97255574301, 279.45180029156296], [""Житомирська область"", 954.7811022855053, 69.071508411112], [""Житомирська область"", 4284.62102474303, 309.96134762255684], [""Житомирська область"", 4292.949078304417, 302.0909899717663]]"
10,11,225140.7666357746,11808.053309307557,"[[""Київська область"", 4733.731477807103, 309.9076690923367], [""Київська область"", 5966.629825743173, 317.73476639805585], [""Київська область"", 5744.781110370569, 309.95348355643654], [""Київська область"", 6291.807594573662, 331.1416383192105], [""Київська область"", 6113.26135569647, 321.7446418013071], [""Київська область"", 5853.443246487283, 308.0702576032381], [""Київська область"", 6177.999904464937, 306.6826898000137], [""Київська область"", 6258.438628372584, 310.5849626265903], [""Київська область"", 7141.815809626381, 354.4239590786873], [""Київська область"", 6110.267319459623, 317.13158448510364], [""Київська область"", 205.02190405485862, 73.53129592119592], [""Житомирська область"", 5442.723591474209, 313.1794606690527], [""Житомирська область"", 6465.057367816551, 300.6834684422463], [""Житомирська область"", 6523.359453727798, 303.39504119587394], [""Житомирська область"", 7543.553094339497, 350.843245425104], [""Житомирська область"", 6562.091892636897, 305.19644888799917], [""Житомирська область"", 6963.406150343171, 323.8611808582278], [""Житомирська область"", 7397.112599491451, 344.03244183803844], [""Житомирська область"", 6525.191057424218, 303.4802272848625], [""Житомирська область"", 7067.360244518937, 328.6959836785619], [""Житомирська область"", 6533.2917784991505, 303.85698386583556], [""Житомирська область"", 7201.078992258377, 334.9151113024251], [""Житомирська область"", 6480.672733207489, 301.4097237497573], [""Житомирська область"", 5668.2520382464045, 312.3376475415482], [""Житомирська область"", 5416.359847755127, 303.2020346013357], [""Житомирська область"", 5427.35780746433, 303.73871192556464], [""Житомирська область"", 6081.666234235169, 340.35131205606456], [""Житомирська область"", 5704.180828414814, 319.2259085556649], [""Житомирська область"", 5454.4847891068, 305.2520449267655], [""Житомирська область"", 5381.873535166091, 301.1884652107924], [""Житомирська область"", 7130.208416547213, 399.03139967532775], [""Житомирська область"", 6583.238717037248, 380.0327821065953], [""Житомирська область"", 6356.683872423964, 362.8944361404969], [""Житомирська область"", 5260.5587200062, 300.3181420995637], [""Житомирська область"", 5273.650728857229, 301.0655470775822], [""Житомирська область"", 5325.229670345357, 304.01011869129064], [""Житомирська область"", 5354.140405342492, 305.66059322891977], [""Житомирська область"", 3420.783892431899, 195.28789958988435]]"
10,22,20583.45854315568,1303.0720414337356,"[[""Київська область"", 3557.746295094935, 137.34034963898384], [""м. Київ"", 7262.814659663166, 279.7671982952853], [""м. Київ"", 2360.7215045458497, 179.411914184124], [""м. Київ"", 1984.0146446519536, 186.35148716637795], [""м. Київ"", 2536.978227131447, 239.85551476356068], [""м. Київ"", 2881.1832120683284, 280.3455773854039]]"
10,50,97826.18437335482,3779.5938656578064,"[[""Київська область"", 2613.461625770602, 101.31174271596079], [""Київська область"", 7693.24468544465, 296.4370652802806], [""Київська область"", 5209.630935861598, 201.64349627758304], [""Київська область"", 4910.5115849485765, 189.44765252307977], [""Київська область"", 6915.198309035202, 267.5187718501221], [""Київська область"", 3938.5727173841333, 152.97060310210748], [""Київська область"", 5538.795633905047, 213.32532297625517], [""Київська область"", 2491.071773711041, 96.21977732576275], [""Житомирська область"", 6065.722123192167, 235.34893277910012], [""Житомирська область"", 7704.181804687397, 297.61283847359545], [""Житомирська область"", 4403.0927547646115, 170.0458272039122], [""Житомирська область"", 7669.002279686677, 293.956443793372], [""Житомирська область"", 2898.230377844895, 111.8852517760649], [""Житомирська область"", 5926.4735485956735, 229.88273694111825], [""Житомирська область"", 5796.580293404788, 223.4599031804901], [""Житомирська область"", 7745.272160016082, 297.872837911994], [""Житомирська область"", 2634.022215501535, 101.30825017227899], [""Житомирська область"", 7673.119549600142, 299.3464113747284]]"
11,30,88415.39491791805,4185.815546307245,"[[""Житомирська область"", 1823.6661053029545, 75.56447079578902], [""Житомирська область"", 5521.043214965138, 233.56209490436393], [""Житомирська область"", 4696.667445552811, 205.13304060466714], [""Житомирська область"", 7072.790593608863, 299.9302953646844], [""Житомирська область"", 6774.201091103264, 299.5055422009148], [""Житомирська область"", 1686.0164431208082, 73.70623611101259], [""Рівненська область"", 2766.9285763032567, 119.62459064821857], [""Рівненська область"", 5321.6350372618235, 230.61819401263978], [""Рівненська область"", 4378.538585615001, 184.63372334976265], [""Рівненська область"", 5730.498572401462, 245.33960737639552], [""Рівненська область"", 4762.271247775979, 201.57545072323975], [""Рівненська область"", 4176.726693394398, 180.27680865425685], [""Рівненська область"", 5369.621208329828, 277.13231736577296], [""Рівненська область"", 5313.159131299403, 275.32882051777233], [""Рівненська область"", 4671.317729133192, 262.22051960876706], [""Рівненська область"", 3075.6030000946535, 170.0167202943701], [""Рівненська область"", 2715.7357033513617, 150.12356193433064], [""Рівненська область"", 3557.63871305064, 199.95300802919624], [""Рівненська область"", 2720.372910622423, 150.37990281172182], [""Рівненська область"", 4052.5714414960576, 224.91232367614714], [""Рівненська область"", 2228.3914741347253, 126.27831732322258]]"
12,71,172266.50378920324,9732.432238774669,"[[""Черкаська область"", 2330.7082293696058, 147.10845001374992], [""Черкаська область"", 4976.501177068931, 314.1042561334337], [""Черкаська область"", 4902.941382680263, 309.461346652321], [""Черкаська область"", 4765.158249132019, 300.7648212962485], [""Черкаська область"", 4800.175494980907, 302.975021910666], [""Черкаська область"", 4756.853761543312, 300.2406628958367], [""Черкаська область"", 4798.195515384934, 302.85005057115995], [""Черкаська область"", 4794.544584739198, 302.61961299787885], [""Черкаська область"", 4925.702241082143, 310.89795487221346], [""Черкаська область"", 5095.173851406318, 321.5945772988081], [""Черкаська область"", 5280.948422641666, 333.3202016742764], [""Черкаська область"", 5295.474910858423, 316.96549491222413], [""Черкаська область"", 5070.6386528680305, 301.76278085942886], [""Черкаська область"", 5191.3435058495215, 320.6566564564525], [""Черкаська область"", 5081.292328612286, 317.73847026519815], [""Черкаська область"", 5586.758349702473, 308.77929752081656], [""Черкаська область"", 5496.399897804093, 303.78519941314823], [""Черкаська область"", 5529.457213870834, 305.6122723227103], [""Київська область"", 3280.1435825345943, 181.29304469315136], [""Київська область"", 5565.785574017727, 314.35119127547546], [""Київська область"", 6007.815207472784, 315.2800751159], [""Київська область"", 6701.38151663621, 328.69476575557064], [""Київська область"", 6990.228860191136, 320.37464458599544], [""Київська область"", 5540.373342285728, 300.45689641953186], [""Київська область"", 6098.3545639759195, 311.0831016929467], [""Київська область"", 6402.442695173265, 301.28247623662514], [""Київська область"", 6388.105260289054, 300.60779344906155], [""Київська область"", 6574.053914292078, 309.35805855852266], [""Київська область"", 5965.024559607595, 334.3892828776623], [""Київська область"", 5244.699364202295, 314.01537606645275], [""Київська область"", 6897.85550594869, 368.892709071584], [""Київська область"", 5931.972072981362, 311.1156949096189]]"
12,74,25336.518209002676,1392.6933198031904,"[[""Черкаська область"", 5537.051022621182, 303.940480660699], [""Черкаська область"", 6326.908893236256, 347.29745531518483], [""Черкаська область"", 5762.333322235753, 316.3067041521319], [""Черкаська область"", 5686.305182977106, 312.1333582509282], [""Черкаська область"", 2023.9197879323783, 113.01532142424695]]"
12,23,3673.833452302688,312.61706819487716,"[[""Черкаська область"", 2956.877411862092, 252.2538378493382], [""Черкаська область"", 716.9560404405959, 60.36323034553895]]"
13,14,9068.869053516544,738.3918982399962,"[[""Рівненська область"", 2821.31978172613, 310.7517386028627], [""Рівненська область"", 4157.793179974814, 300.1374157893437], [""Рівненська область"", 2089.7560918156014, 127.50274384778956]]"
13,76,75800.57807588563,4875.269294848014,"[[""Рівненська область"", 3460.7792474200496, 305.7649699430415], [""Рівненська область"", 3447.5202181011773, 300.2529762712661], [""Рівненська область"", 4141.707467234943, 301.6511518689352], [""Рівненська область"", 5236.05632253112, 317.0371141612016], [""Рівненська область"", 5800.188164365833, 310.4694680956878], [""Рівненська область"", 5735.7951302089905, 307.02267111303706], [""Рівненська область"", 5515.870292214275, 295.2506482857889], [""Волинська область"", 5046.123802602769, 300.6455568312828], [""Волинська область"", 4761.074210181818, 307.4252788670242], [""Волинська область"", 5098.283231753555, 316.92753260236805], [""Волинська область"", 5101.2205757903175, 307.7791222085982], [""Волинська область"", 5121.562034771063, 309.0064120888376], [""Волинська область"", 5080.269859133951, 306.5150731273374], [""Волинська область"", 5129.387837374943, 321.7708089689371], [""Волинська область"", 3451.1405730534557, 306.6118558790356], [""Волинська область"", 3673.5991091473866, 261.13865453563983]]"
13,30,5460.841994081994,467.182121109074,"[[""Рівненська область"", 302.3576513473728, 26.70684591738843], [""Рівненська область"", 3411.6695718168635, 301.29933351983766], [""Рівненська область"", 1746.8147709177576, 139.1759416718479]]"
14,30,17277.785340155897,1060.2983226634715,"[[""Рівненська область"", 1693.8683692115148, 103.94884270922854], [""Рівненська область"", 4937.001731828311, 302.97254840167966], [""Рівненська область"", 4925.3412084888905, 302.25696865029624], [""Рівненська область"", 5721.574030627173, 351.119962902267]]"
14,57,106198.1544628427,6138.606630776732,"[[""Рівненська область"", 2053.3412459951137, 126.92998042557481], [""Рівненська область"", 4373.1446651874385, 269.7961267012317], [""Рівненська область"", 3463.0203708591525, 214.4733391254016], [""Рівненська область"", 5313.127139509604, 329.49864291638846], [""Рівненська область"", 5127.331565890589, 317.9763533569884], [""Рівненська область"", 2601.7345114787104, 161.05885669450996], [""Рівненська область"", 3253.213896524581, 199.84427003268578], [""Рівненська область"", 3807.0105624403245, 238.9381045978583], [""Рівненська область"", 4494.924734600963, 304.73217882664903], [""Рівненська область"", 4544.513829353647, 308.0940577862014], [""Рівненська область"", 4790.619270375757, 307.23970997570706], [""Рівненська область"", 5149.976279928893, 310.36440307353763], [""Рівненська область"", 5190.391452166243, 306.42320696350805], [""Рівненська область"", 3629.0488355791795, 183.03817219600074], [""Рівненська область"", 4891.398596071477, 246.0161857349101], [""Рівненська область"", 5916.870013067989, 300.9730145810629], [""Рівненська область"", 5931.633809561955, 301.72400358836524], [""Рівненська область"", 2620.1760842292438, 133.61441008306323], [""Рівненська область"", 5297.039797186057, 264.18628629704125], [""Рівненська область"", 3279.7054899888494, 164.87322971528167], [""Рівненська область"", 5878.392846985114, 299.3052347511534], [""Львівська область"", 1020.6296367499826, 51.06040523040393], [""Львівська область"", 5334.90514756266, 283.07974567021637], [""Львівська область"", 1164.9985591709178, 65.22691855077558], [""Львівська область"", 4021.2858115506765, 256.2143126020155], [""Львівська область"", 3049.7203108275744, 193.92548130019904]]"
15,16,78669.44013474484,4182.515519382194,"[[""Тернопільська область"", 6728.469915987768, 306.88601942976334], [""Тернопільська область"", 5600.746755935036, 311.1879027483134], [""Тернопільська область"", 5767.6523405635835, 315.406622390886], [""Тернопільська область"", 5643.738502629914, 303.2443525856553], [""Тернопільська область"", 5099.2945719642075, 305.12184908910336], [""Тернопільська область"", 6120.649288352227, 305.81033289605665], [""Тернопільська область"", 6011.543949576848, 300.35902562459904], [""Тернопільська область"", 6008.858485090271, 300.22484986154984], [""Тернопільська область"", 6262.785299801568, 312.91197504708765], [""Тернопільська область"", 7003.665493221697, 349.9290965830449], [""Тернопільська область"", 5370.307474616407, 306.51701498701067], [""Тернопільська область"", 4511.52352248599, 304.6720161933375], [""Тернопільська область"", 5899.291307904545, 317.9216777412713], [""Тернопільська область"", 2640.9132266147335, 142.3227842045151]]"
15,29,118466.90350860733,7542.982157391143,"[[""Тернопільська область"", 769.3428678562349, 45.851461311348416], [""Тернопільська область"", 5188.403699899253, 310.9539824921206], [""Тернопільська область"", 5140.275066656378, 308.0695133867066], [""Тернопільська область"", 5146.939724041155, 308.46894293683636], [""Тернопільська область"", 5380.119948398946, 322.4440157330933], [""Тернопільська область"", 5118.587370874376, 306.76971565226614], [""Тернопільська область"", 5189.741987690329, 311.03418941941953], [""Тернопільська область"", 4340.793999251199, 260.1546177432702], [""Львівська область"", 5107.232024659205, 306.0891614139265], [""Львівська область"", 5092.274626767654, 305.19272722894044], [""Львівська область"", 5322.538584116974, 318.99302086521965], [""Львівська область"", 5068.192401297931, 303.7494193542605], [""Львівська область"", 5486.923493692397, 328.84501875333257], [""Львівська область"", 5262.342960086693, 315.3853468861926], [""Львівська область"", 5088.560581734766, 304.97013524093586], [""Львівська область"", 5017.98392875501, 300.74030028891656], [""Львівська область"", 5292.870091578155, 317.2149140633795], [""Львівська область"", 5094.030891550727, 305.2979845605197], [""Львівська область"", 5044.73513292103, 302.3435667178657], [""Львівська область"", 5856.215463079302, 350.97760812478924], [""Львівська область"", 5222.783752456927, 313.0144648445836], [""Львівська область"", 4909.366928935913, 322.4907210052291], [""Львівська область"", 3180.330128696322, 335.9545991831898], [""Львівська область"", 2038.667629832953, 204.06454853352705], [""Львівська область"", 1242.0456839955223, 131.2036622138262], [""Львівська область"", 2865.604539781999, 302.7085194374538]]"
15,58,7096.313870001258,564.1251860110787,"[[""Тернопільська область"", 4539.61049930875, 313.55655932353324], [""Тернопільська область"", 2556.7033706925076, 250.5686266875454]]"
16,57,93180.5011733663,6005.760080608965,"[[""Тернопільська область"", 5870.492435576733, 300.9031945293639], [""Тернопільська область"", 6299.74814261782, 322.9055077826531], [""Тернопільська область"", 5916.243512138378, 303.24825250220556], [""Тернопільська область"", 5984.871552553173, 306.7659125318747], [""Тернопільська область"", 5721.230544374352, 301.4615112150247], [""Тернопільська область"", 4862.489957601366, 315.4976805131316], [""Тернопільська область"", 4238.2081014262085, 312.98301220984547], [""Тернопільська область"", 5639.243544043373, 329.13895286471995], [""Тернопільська область"", 5197.05713527829, 304.30977232095694], [""Тернопільська область"", 5194.623762487882, 304.16728800713366], [""Тернопільська область"", 4690.49413730845, 302.7227261557311], [""Тернопільська область"", 4663.209729412264, 301.47339826442686], [""Тернопільська область"", 1978.4498343092932, 162.71977700648415], [""Львівська область"", 306.7188073254293, 49.05095532665375], [""Тернопільська область"", 436.5240262861268, 69.80961063027915], [""Львівська область"", 3392.1337133945617, 302.3952051613968], [""Львівська область"", 4048.6255430192705, 301.5042087158272], [""Львівська область"", 4907.926573491988, 313.20525797685], [""Львівська область"", 2962.133623958518, 165.5618355965344], [""Львівська область"", 4594.743917090329, 318.12870180609366], [""Львівська область"", 3146.2651038649446, 309.7502141202473], [""Львівська область"", 3129.0674758076125, 308.05710537153584]]"
17,18,5076.731168979149,488.4512950267928,"[[""Вінницька область"", 3612.629151348892, 347.58456351013393], [""Вінницька область"", 1464.1020176302575, 140.86673151665883]]"
17,19,3662.6362159218925,399.23623274489694,"[[""Вінницька область"", 3040.1083990313336, 315.69622316051596], [""Вінницька область"", 622.5278168905585, 83.54000958438091]]"
17,20,5474.517563233549,438.1673321569974,"[[""Вінницька область"", 4019.0688411246742, 311.85925473316087], [""Вінницька область"", 1455.4487221088743, 126.30807742383656]]"
18,81,148022.49486349302,7853.70870875086,"[[""Вінницька область"", 885.2502128975352, 51.50369689869723], [""Вінницька область"", 6828.581247642178, 335.3113310608645], [""Вінницька область"", 6396.081653912045, 314.07382810122596], [""Вінницька область"", 6227.761283885532, 305.8086079520571], [""Вінницька область"", 6839.227148063697, 335.834088411363], [""Вінницька область"", 6220.307772695545, 305.442609999107], [""Вінницька область"", 5947.068245419188, 310.39206456478536], [""Вінницька область"", 5628.468607797799, 305.3210745952372], [""Вінницька область"", 5818.542485970809, 315.63179404312865], [""Вінницька область"", 5834.199679504115, 316.4811318449087], [""Вінницька область"", 5922.507856852007, 321.27148415602414], [""Вінницька область"", 5557.220411748035, 301.4561555032575], [""Вінницька область"", 5602.151719152208, 303.89349255095897], [""Вінницька область"", 5641.171627812525, 306.0101607378032], [""Вінницька область"", 6380.9198444032245, 346.13843294784454], [""Вінницька область"", 5624.4701505066805, 305.1041748731429], [""Вінницька область"", 5670.270858669899, 307.58867330567267], [""Вінницька область"", 5908.956614463572, 320.5363854681848], [""Вінницька область"", 5672.337811013085, 307.70079689639226], [""Вінницька область"", 6350.995404552301, 344.51515621511356], [""Черкаська область"", 2973.8553851392553, 161.31931883276644], [""Черкаська область"", 6715.543342488565, 364.2903696715722], [""Черкаська область"", 5674.199965706377, 307.8018110641236], [""Черкаська область"", 6224.462996252413, 337.65129793229], [""Черкаська область"", 5880.702558785883, 319.00372014795283], [""Черкаська область"", 5597.239978158683, 303.62705097638957]]"
18,20,5784.978601493227,259.87181048386924,"[[""Вінницька область"", 5784.978601493227, 259.87181048386924]]"
19,65,6349.9509231922975,666.5901476097142,"[[""Вінницька область"", 226.0141800362639, 28.908263734340977], [""Вінницька область"", 2545.3997088265933, 308.88157286707883], [""Вінницька область"", 3578.5370343294408, 328.8003110082945]]"
19,66,4747.06616973739,454.02925706669083,"[[""Вінницька область"", 1475.6894466102524, 153.099862708648], [""Вінницька область"", 3271.376723127138, 300.9293943580428]]"
20,82,114532.98963629983,6385.356370791832,"[[""Вінницька область"", 5688.730952074156, 333.9023764324352], [""Вінницька область"", 5463.965644472531, 320.04717099661286], [""Вінницька область"", 5183.084671363474, 303.5948053194476], [""Вінницька область"", 5372.622033250442, 300.50885190454267], [""Вінницька область"", 5800.767037374418, 305.22870615010197], [""Вінницька область"", 6354.048252025814, 334.34163349180074], [""Вінницька область"", 6721.327241041646, 353.6673691903957], [""Вінницька область"", 6278.364714414282, 330.3592656233461], [""Вінницька область"", 6107.808802506086, 321.3848386238518], [""Вінницька область"", 6170.000656590297, 324.6572919102695], [""Вінницька область"", 5713.223890600144, 300.6223012988023], [""Вінницька область"", 6278.248261234012, 330.35313801068526], [""Вінницька область"", 6096.513942706119, 320.7905180071683], [""Вінницька область"", 5701.399125258027, 300.00009775181485], [""Вінницька область"", 6005.342513563588, 320.0520920534176], [""Вінницька область"", 1143.4764865329846, 70.23744683838407], [""Київська область"", 4986.735926586747, 306.3076536035035], [""Київська область"", 5006.291234332049, 307.5088281832565], [""Київська область"", 5508.426764423881, 338.3522412449658], [""Київська область"", 4974.111164679448, 305.53218418742495], [""Київська область"", 3978.500321269718, 257.90755996960354]]"
20,65,7881.6572585846325,355.33373335700117,"[[""Вінницька область"", 6973.256043856236, 314.5591109504428], [""Вінницька область"", 908.4012147283969, 40.774622406558365]]"
21,22,1159.3289583125438,99.78672954108114,"[[""м. Київ"", 1159.3289583125438, 99.78672954108114]]"
21,24,1059.272468342885,122.81665074688681,"[[""м. Київ"", 1059.272468342885, 122.81665074688681]]"
22,24,1564.0603378498613,148.84632831548097,"[[""м. Київ"", 1564.0603378498613, 148.84632831548097]]"
24,28,76023.27686108889,3621.4093939915174,"[[""м. Київ"", 2224.4317724102193, 232.54354233400204], [""м. Київ"", 5006.310227264102, 315.192926716838], [""м. Київ"", 4474.069534775155, 228.08721624348735], [""Київська область"", 991.0325198020573, 50.410354633290936], [""Київська область"", 5117.88961207465, 260.91991857066665], [""Київська область"", 2662.0393703651926, 135.60546419498834], [""Київська область"", 5037.66887912737, 256.68871016387305], [""Київська область"", 5456.16905190796, 278.0216271356827], [""Київська область"", 3148.2043441274573, 160.57197272511976], [""Київська область"", 5993.153453332266, 305.67662313312843], [""Київська область"", 6564.8915820240745, 298.243954222629], [""Київська область"", 7224.918462325608, 268.51076370426716], [""Київська область"", 3967.20753279216, 145.99803967808825], [""Київська область"", 10082.439689881354, 380.3766674872908], [""Київська область"", 8072.8508288792555, 304.56161304816476]]"
24,34,35277.90859737994,2242.872625936905,"[[""м. Київ"", 636.478933454629, 83.79050934709657], [""м. Київ"", 3108.735112407178, 308.6101723184039], [""м. Київ"", 3331.4628590520624, 302.5284405666551], [""м. Київ"", 3751.0552667414377, 315.01216008696866], [""м. Київ"", 3694.586941718628, 310.2699721486445], [""м. Київ"", 7059.246402075171, 307.7510436891595], [""Київська область"", 7774.735898580079, 308.74926329826667], [""Київська область"", 5921.607183350759, 306.161064481712]]"
25,26,8187.334978418266,582.0707703648312,"[[""Хмельницька область"", 4243.412829029203, 301.68138727435024], [""Хмельницька область"", 3943.9221493890636, 280.38938309048075]]"
25,66,101447.59918410725,6065.685074936691,"[[""Хмельницька область"", 2714.838620574056, 146.89831778312413], [""Хмельницька область"", 5215.549330323329, 277.8879931160945], [""Хмельницька область"", 5970.260839216216, 318.09953236250067], [""Хмельницька область"", 5138.712120709419, 284.4153287288818], [""Хмельницька область"", 3526.1828142126656, 209.41547103944617], [""Хмельницька область"", 2795.6072170010075, 168.41369374313265], [""Хмельницька область"", 3981.403125417799, 244.2699619387664], [""Хмельницька область"", 5681.925172966467, 348.60163666390656], [""Хмельницька область"", 4920.937676155728, 301.91297414312], [""Хмельницька область"", 4934.874538407844, 302.76803872830027], [""Хмельницька область"", 4903.90079797364, 297.5278684903159], [""Хмельницька область"", 4959.921296593244, 304.3047257895972], [""Вінницька область"", 182.20138901345038, 11.178553127507152], [""Вінницька область"", 5543.66546626322, 340.11902582792817], [""Вінницька область"", 4932.820908557589, 302.6420429249222], [""Вінницька область"", 4897.388799857781, 300.4681862289605], [""Вінницька область"", 5032.051539606654, 308.7301133126632], [""Вінницька область"", 5052.181364852263, 305.4648013165918], [""Вінницька область"", 5012.545783364003, 302.0064423873564], [""Вінницька область"", 5015.442059480429, 302.18094334632934], [""Вінницька область"", 3241.266098162199, 195.2866438418381], [""Вінницька область"", 5131.846145896882, 313.64086265864756], [""Вінницька область"", 2662.0760795013466, 179.45191743675963]]"
25,55,23189.228166367546,1114.1565122511586,"[[""Хмельницька область"", 6121.423600657224, 300.76395923335724], [""Хмельницька область"", 6125.783440931233, 300.9781713036174], [""Хмельницька область"", 3461.3871333935144, 169.96490496899412], [""Хмельницька область"", 7358.8868300240865, 337.01997114861945], [""Хмельницька область"", 121.74716136149087, 5.429505596570487]]"
26,56,2850.919646244598,217.38326372280324,"[[""Хмельницька область"", 2850.919646244598, 217.38326372280324]]"
27,82,32490.435662827793,2107.141437671727,"[[""Київська область"", 1707.3736224861618, 110.72055366633536], [""Київська область"", 4842.034876800057, 313.9985152460988], [""Київська область"", 6893.198019580324, 447.0132905932286], [""Київська область"", 4688.7569780466065, 304.05867923640204], [""Київська область"", 4906.659513382574, 318.18932354292787], [""Київська область"", 5959.02334939671, 386.4334998891968], [""Київська область"", 3493.38930313535, 226.7275754975374]]"
27,78,2260.18201281302,179.04851626536868,"[[""Київська область"", 2260.18201281302, 179.04851626536868]]"
27,28,9480.351797454752,569.9142066886606,"[[""Київська область"", 2015.3042257204213, 159.07894505461272], [""Київська область"", 5449.831663178298, 316.14211563942695], [""Київська область"", 2015.215908556034, 94.69314599462098]]"
28,72,5514.9078439983805,200.44579812870856,"[[""Київська область"", 5514.9078439983805, 200.44579812870856]]"
28,78,5206.301884939485,307.87749443913333,"[[""Київська область"", 164.63717407086193, 6.211208947815327], [""Київська область"", 5041.664710868623, 301.666285491318]]"
29,85,1930.7047774229268,242.19878064522766,"[[""Львівська область"", 1930.7047774229268, 263.3477421271629]]"
31,62,35780.18309442122,1462.4112947173596,"[[""Полтавська область"", 293.79142434978115, 12.007873076736978], [""Полтавська область"", 7510.1753532606435, 306.95665343391545], [""Полтавська область"", 7430.914751862495, 303.7171060452152], [""Полтавська область"", 7483.537719699566, 305.86791735670016], [""Полтавська область"", 7402.713466900985, 302.56446024839465], [""Полтавська область"", 5659.050378347767, 231.29728455639653]]"
31,52,104362.23924976324,4644.989404125203,"[[""Полтавська область"", 7605.330164804298, 310.8458306016486], [""Полтавська область"", 7430.276459145605, 303.69101768015423], [""Полтавська область"", 7594.598082245674, 310.4071878281292], [""Полтавська область"", 8403.970595655344, 343.48794379073996], [""Полтавська область"", 7556.92256641922, 308.86731030057393], [""Полтавська область"", 7392.570572044553, 302.1498988147644], [""Полтавська область"", 7378.280093807321, 301.565816929943], [""Полтавська область"", 7675.948933647061, 313.7321681282666], [""Полтавська область"", 7364.4628073585955, 301.00107538818975], [""Полтавська область"", 7512.464185026871, 307.05020279943426], [""Полтавська область"", 8736.105730498248, 357.06300491563576], [""Полтавська область"", 7355.473701814336, 300.63367174906796], [""Полтавська область"", 5533.08429428196, 306.0672817959065], [""Полтавська область"", 3698.2331521849346, 310.12228775343385], [""Полтавська область"", 3124.51791082915, 268.30470564931466]]"
31,74,100378.8329486051,5608.458078708161,"[[""Полтавська область"", 2136.869350811572, 183.31617240501996], [""Полтавська область"", 5092.829332851559, 302.09484359794027], [""Полтавська область"", 6149.870297680605, 300.3367341975152], [""Полтавська область"", 6302.800814676362, 307.80529041258944], [""Полтавська область"", 6322.72646581705, 308.7783849171369], [""Полтавська область"", 6436.5426969986875, 314.33674525924926], [""Полтавська область"", 6789.112620350961, 331.5549456814315], [""Полтавська область"", 6962.433837064523, 340.01930763952413], [""Полтавська область"", 5266.962578876136, 306.43368515060706], [""Полтавська область"", 6855.17020859801, 398.8361485195099], [""Полтавська область"", 3134.9879680715835, 182.3946727496924], [""Черкаська область"", 5189.1082246295855, 301.9040921794182], [""Черкаська область"", 5992.984869305631, 386.8595053440011], [""Черкаська область"", 6083.132536970708, 373.39847837973434], [""Черкаська область"", 4798.622409382456, 304.34787419269753], [""Черкаська область"", 5281.189082583058, 339.73751788962693], [""Черкаська область"", 5937.474636567443, 309.01425295046965], [""Черкаська область"", 5646.015017369194, 317.2894272419973]]"
32,33,19020.076232556752,1342.9578557010382,"[[""Харківська область"", 3013.203899255505, 304.35970815721316], [""Харківська область"", 3504.2225799751754, 323.23858056949564], [""Харківська область"", 4169.489442247794, 305.3303842181792], [""Харківська область"", 6673.848729586926, 328.38354697110145], [""Харківська область"", 1659.3115814913572, 81.64563578504806]]"
33,79,99176.96695846877,4879.9554061324225,"[[""Харківська область"", 6205.422698521678, 305.3348672950308], [""Харківська область"", 6189.03343721286, 304.52844150102584], [""Харківська область"", 6250.380408168749, 307.5469899780266], [""Харківська область"", 6829.369878256068, 336.0358909930126], [""Харківська область"", 6286.350633199395, 309.3168877625757], [""Харківська область"", 6522.689721394918, 320.94583999301756], [""Харківська область"", 6103.328229824842, 300.3113576059113], [""Харківська область"", 6249.32692477923, 307.4951538297793], [""Харківська область"", 6771.22383985655, 333.17484287735743], [""Харківська область"", 6630.35247000712, 326.24333424235476], [""Харківська область"", 3092.5535634506878, 152.16762463642362], [""Полтавська область"", 6230.271535961052, 306.55754250195804], [""Полтавська область"", 6477.582258701381, 318.72634878272066], [""Полтавська область"", 6193.559880870095, 304.75116300454704], [""Полтавська область"", 6143.630997556737, 302.29443608982706], [""Полтавська область"", 6352.411488529519, 312.5673806742712], [""Полтавська область"", 649.4789921779234, 31.957304364584168]]"
34,84,1872.2160459134873,151.4677906128735,"[[""Київська область"", 1872.2160459134873, 151.4677906128735]]"
35,36,73428.75827287357,2731.5211611580635,"[[""Кіровоградська область"", 8799.491561281804, 320.6447223142192], [""Кіровоградська область"", 8979.833903021768, 334.97625894683677], [""Кіровоградська область"", 8115.875894534253, 302.74788760993255], [""Кіровоградська область"", 1394.1156493788906, 52.004931250569555], [""Одеська область"", 6682.559166562473, 249.28063191154575], [""Миколаївська область"", 9881.933446944991, 368.62743041442513], [""Миколаївська область"", 8097.124939679427, 302.0484175777712], [""Миколаївська область"", 3385.7167095632103, 126.29796157383659], [""Одеська область"", 9261.72080969841, 345.4915337798003], [""Одеська область"", 8100.383051510588, 302.16995547303947], [""Одеська область"", 730.0031406977229, 27.23143030608589]]"
35,37,37752.67518318607,1386.4708413659605,"[[""Кіровоградська область"", 9098.650933478277, 332.93730266843244], [""Кіровоградська область"", 1951.5717025181293, 71.7541879583232], [""Черкаська область"", 8504.537550068731, 312.68960555169787], [""Черкаська область"", 8374.56839843867, 307.91097972779704], [""Черкаська область"", 8629.982831265817, 317.30190049012407], [""Черкаська область"", 1193.3637674164531, 43.87686496958591]]"
35,38,85031.36336388331,4337.129403599895,"[[""Кіровоградська область"", 6434.592278346835, 312.1970300244988], [""Кіровоградська область"", 6399.952997960037, 313.96186626585126], [""Кіровоградська область"", 6198.871785669747, 304.09744496435366], [""Кіровоградська область"", 6127.827561426939, 300.6122354264414], [""Кіровоградська область"", 6928.486058652059, 339.89006076524265], [""Кіровоградська область"", 6532.585444887769, 320.4684032010616], [""Кіровоградська область"", 4712.575412075299, 231.18434959840042], [""Миколаївська область"", 6121.336154428087, 300.2937871102272], [""Миколаївська область"", 6972.434576371376, 342.0460388868276], [""Миколаївська область"", 6246.942789671699, 306.4556594910132], [""Миколаївська область"", 2759.5364192616807, 163.78700044570857], [""Миколаївська область"", 2583.9357765991135, 184.55540805361977], [""Миколаївська область"", 5619.358513967874, 303.0875229299418], [""Миколаївська область"", 5635.869553718948, 303.9780676650236], [""Миколаївська область"", 5757.058040845885, 310.51452877168373]]"
36,38,68106.38778935686,2993.8221698698326,"[[""Одеська область"", 1841.0404002222297, 80.92849649959958], [""Одеська область"", 9726.53169290073, 427.55910514899347], [""Миколаївська область"", 4513.777355364628, 198.41672939904208], [""Миколаївська область"", 7428.047294418505, 326.5222747923648], [""Миколаївська область"", 6909.037313018366, 303.70762202432763], [""Миколаївська область"", 8408.565919179347, 369.62393518079057], [""Миколаївська область"", 7194.765686482775, 316.26767647449583], [""Миколаївська область"", 7036.130504011213, 309.29438745388904], [""Миколаївська область"", 8056.938262847043, 354.16707852994466], [""Миколаївська область"", 6991.553360912019, 307.3348643663839]]"
36,40,151947.03555520534,5881.7079974759745,"[[""Одеська область"", 8911.30090801357, 332.4197610728011], [""Одеська область"", 8255.854148661965, 307.96952003743576], [""Одеська область"", 9593.45713562104, 357.86634990829657], [""Одеська область"", 8447.195452004045, 315.1071569545254], [""Одеська область"", 8087.659203133265, 301.6953156105575], [""Одеська область"", 8050.971669510494, 300.32675435478563], [""Одеська область"", 9399.650933658919, 350.6367644621648], [""Одеська область"", 8224.295797072353, 306.7922935243195], [""Одеська область"", 8375.677474703136, 312.4393097824701], [""Одеська область"", 8516.30444460679, 317.68514136399904], [""Одеська область"", 8150.564035045512, 304.04186516717607], [""Одеська область"", 8484.209031365697, 316.4878807494973], [""Одеська область"", 8550.849613980787, 318.97378564479044], [""Одеська область"", 8448.77594423541, 315.1661143228548], [""Одеська область"", 8154.795384123878, 304.19970789565804], [""Одеська область"", 8091.204530374368, 301.827567550715], [""Одеська область"", 8265.339644243832, 308.3233590792916], [""Одеська область"", 5985.074008045701, 323.8899082853694], [""Одеська область"", 1953.856196804709, 185.85944170926808]]"
37,51,1286.4829622561722,62.90176058143536,"[[""Черкаська область"", 1286.4829622561722, 62.90176058143536]]"
37,81,3602.811722479046,195.56789531085673,"[[""Черкаська область"", 3602.811722479046, 195.56789531085673]]"
37,41,2551.6585901878116,265.4966439216276,"[[""Черкаська область"", 2551.6585901878116, 265.4966439216276]]"
38,39,98592.78634663334,4333.943982856733,"[[""Миколаївська область"", 8158.55290521641, 358.6338573297497], [""Миколаївська область"", 6971.221277709444, 306.44110618264676], [""Миколаївська область"", 7650.987050533446, 336.32226574866957], [""Миколаївська область"", 1102.154194596848, 48.44851958093007], [""Кіровоградська область"", 7799.666738161574, 342.85793089665987], [""Кіровоградська область"", 7234.281103417709, 318.0046960861855], [""Кіровоградська область"", 7273.736459197373, 319.73907552822254], [""Кіровоградська область"", 7096.941288909415, 311.967509343109], [""Кіровоградська область"", 6875.3747146057085, 302.2278807446266], [""Кіровоградська область"", 8708.341509422276, 382.80147751104676], [""Кіровоградська область"", 6916.6371588286565, 304.0416962222547], [""Кіровоградська область"", 7575.997441435497, 333.0258707772952], [""Кіровоградська область"", 7349.814300240491, 323.0833070246155], [""Кіровоградська область"", 6872.912289037818, 302.1196373845527], [""Кіровоградська область"", 1006.1679153206497, 44.22915249616879]]"
38,77,59527.05200914859,3675.9091870861234,"[[""Миколаївська область"", 5683.219631461511, 306.53195664325153], [""Миколаївська область"", 6036.26836633462, 325.57410642961264], [""Миколаївська область"", 5717.353469401165, 308.37301027303965], [""Миколаївська область"", 5592.808258178701, 301.65549981906634], [""Миколаївська область"", 5714.619054107991, 308.2255259728639], [""Миколаївська область"", 5825.827676714899, 314.2237099062428], [""Миколаївська область"", 5743.687946031848, 309.79339505002275], [""Миколаївська область"", 4685.439913457501, 311.6319829920242], [""Миколаївська область"", 3900.0983622332697, 307.1104726206048], [""Миколаївська область"", 4346.208703455143, 316.555129341595], [""Миколаївська область"", 3285.157012259207, 312.1517165166285], [""Миколаївська область"", 2996.363615512713, 254.08268152117165]]"
39,80,1496.3769994407694,67.3,"[[""Кіровоградська область"", 1496.3769994407694, 67.3]]"
39,46,11520.746668533,724.5328098332014,"[[""Кіровоградська область"", 4087.6171364615907, 193.73673759889488], [""Кіровоградська область"", 5135.09206377913, 318.5979160126699], [""Кіровоградська область"", 2298.0374682922798, 212.1981562216367]]"
40,47,29488.79802989127,1957.5000510606712,"[[""Одеська область"", 731.259319951632, 85.03644334955355], [""Одеська область"", 3685.846492986185, 305.06664929044194], [""Одеська область"", 4273.383887169387, 306.3711454736506], [""Одеська область"", 3917.558858012291, 303.2623983161118], [""Одеська область"", 4317.609284565805, 328.4581414176601], [""Одеська область"", 5044.792713264326, 302.9623644492485], [""Одеська область"", 6961.504637046381, 300.80753937782885], [""Одеська область"", 556.8428368952585, 25.53536938617647]]"
41,42,1359.6077877925857,103.13710174847571,"[[""Черкаська область"", 1359.6077877925857, 103.13710174847571]]"
41,81,2119.323542886358,158.750974177696,"[[""Черкаська область"", 2119.323542886358, 158.750974177696]]"
42,71,123565.9911177594,4689.5884841434145,"[[""Черкаська область"", 3032.039081817124, 300.45529176382433], [""Черкаська область"", 3734.53764266369, 170.72542362877428], [""Черкаська область"", 8347.762667244224, 301.4935226354823], [""Черкаська область"", 8670.684482764149, 313.15638843292203], [""Черкаська область"", 8605.532690267206, 310.80332160425], [""Черкаська область"", 8345.146370155235, 301.3990306551682], [""Черкаська область"", 8697.861563905177, 314.1379345375221], [""Черкаська область"", 8582.511411599467, 309.97186931244687], [""Черкаська область"", 8408.027881037335, 303.6701024357396], [""Київська область"", 1278.1048578129112, 46.160911760413754], [""Київська область"", 9261.36090142619, 334.489663143632], [""Київська область"", 8848.633629160764, 319.58332186834565], [""Київська область"", 8468.026822352027, 305.83706535651675], [""Київська область"", 10397.458227633568, 375.5217334825567], [""Київська область"", 9913.918821968768, 358.057892623857], [""Київська область"", 8974.384065951683, 324.1250109019607]]"
43,60,10028.965374408373,451.2757326277455,"[[""Кіровоградська область"", 6781.342918550543, 305.14169503246495], [""Кіровоградська область"", 3247.6224558578315, 146.13403759528063]]"
43,61,2456.56179989468,160.24066232318273,"[[""Кіровоградська область"", 2456.56179989468, 160.24066232318273]]"
45,70,1325.4862560897518,72.34566597443656,"[[""Житомирська область"", 1325.4862560897518, 72.34566597443656]]"
46,49,98015.34761926281,5070.324936458442,"[[""Кіровоградська область"", 1426.3058611055571, 108.401962911369], [""Кіровоградська область"", 4422.550940472569, 308.3280847853061], [""Кіровоградська область"", 6150.437456462936, 310.5428454215707], [""Кіровоградська область"", 6073.559713431071, 306.66119745104845], [""Кіровоградська область"", 6032.263493642834, 304.57610257950927], [""Кіровоградська область"", 7430.573279492237, 375.17841383823145], [""Кіровоградська область"", 6110.615404603617, 308.5321830284553], [""Кіровоградська область"", 6239.40772596851, 315.0350593243642], [""Кіровоградська область"", 6082.62793813152, 307.11906281775333], [""Кіровоградська область"", 6006.558524199611, 303.27822833741203], [""Кіровоградська область"", 5956.622624351219, 300.7569058237896], [""Кіровоградська область"", 7199.942570997746, 363.53359719478897], [""Кіровоградська область"", 6195.720206049137, 312.8292248871865], [""Кіровоградська область"", 7387.836489547295, 373.02058287943686], [""Кіровоградська область"", 6277.314509107846, 316.94901753956367], [""Миколаївська область"", 2742.704117894348, 138.48236762823547], [""Миколаївська область"", 6280.3067638047705, 317.1001000104265]]"
46,59,2729.5085760051684,216.60000000000002,"[[""Кіровоградська область"", 2729.5085760051684, 216.60000000000002]]"
46,61,4060.9428732595306,341.6187309129505,"[[""Кіровоградська область"", 3822.4810199959147, 315.7468864657367], [""Кіровоградська область"", 238.46185326361552, 25.87184444721384]]"
47,77,114530.29517497844,6803.702496254636,"[[""Одеська область"", 5669.048238600438, 302.1348465684455], [""Одеська область"", 7116.2345484199905, 379.2633865403035], [""Одеська область"", 6566.910557494287, 349.9868814323353], [""Одеська область"", 5993.709749482332, 319.43784905642525], [""Одеська область"", 5891.159688031155, 313.97239069761883], [""Одеська область"", 6098.11309096889, 325.00207892952676], [""Одеська область"", 5959.254920242904, 317.6015611809905], [""Одеська область"", 6052.478862070506, 322.5699791896442], [""Одеська область"", 5640.784115384842, 300.62849556000106], [""Одеська область"", 4843.433071719892, 323.29909893645424], [""Одеська область"", 4773.94194613419, 346.9917204391182], [""Одеська область"", 4311.513728756174, 313.3803433972319], [""Одеська область"", 4611.531661140146, 335.18700541682387], [""Одеська область"", 1586.9355983639452, 115.34566605869415], [""Миколаївська область"", 4163.757557126744, 302.64075569849365], [""Миколаївська область"", 4152.55233734767, 301.8263095797704], [""Миколаївська область"", 4130.502085004593, 300.2235973802982], [""Миколаївська область"", 5438.602679954629, 328.14262515564405], [""Миколаївська область"", 8454.424903854053, 469.7622883235527], [""Миколаївська область"", 5875.255509823134, 326.4531300670621], [""Миколаївська область"", 5712.049482272873, 317.38473832639414], [""Миколаївська область"", 1488.10084278508, 92.46774831980602]]"
47,48,103401.64133688145,5205.163880922103,"[[""Одеська область"", 3535.434317014406, 162.12585534706028], [""Одеська область"", 7243.214708659461, 332.15505502461247], [""Одеська область"", 7197.237766704089, 330.0466716203773], [""Одеська область"", 6659.376062254469, 305.3817277766567], [""Миколаївська область"", 4204.053486866721, 192.78699768311412], [""Миколаївська область"", 6743.461958960917, 309.23768908261314], [""Миколаївська область"", 7094.172880573769, 325.32038304538935], [""Миколаївська область"", 7257.821183957592, 332.82487012764494], [""Миколаївська область"", 7649.755643694392, 350.79796871386816], [""Миколаївська область"", 7366.797889555054, 337.8222594223252], [""Миколаївська область"", 7319.5653909658195, 335.6562994447615], [""Миколаївська область"", 6654.173915508037, 305.14317080874844], [""Миколаївська область"", 5475.655571291918, 303.35129946446744], [""Миколаївська область"", 5174.506760716166, 341.8982402804279], [""Миколаївська область"", 4775.024266253651, 315.5029975654166], [""Миколаївська область"", 4855.862299018875, 320.8442566318819], [""Миколаївська область"", 4195.527234886061, 304.2681388827348]]"
48,49,82800.55170791624,4506.187260872854,"[[""Миколаївська область"", 2919.0486883182753, 304.59643454978226], [""Миколаївська область"", 2664.477436047414, 302.81207937256835], [""Миколаївська область"", 5989.065646055495, 302.39499227624725], [""Миколаївська область"", 6270.568093510297, 316.6083830544739], [""Миколаївська область"", 6583.679504453315, 332.4177477015418], [""Миколаївська область"", 6687.081722150374, 337.6386476999319], [""Миколаївська область"", 7421.40484047907, 374.71548853261254], [""Миколаївська область"", 6855.075889853835, 346.12087148029747], [""Миколаївська область"", 6275.674914617247, 316.8662324788176], [""Миколаївська область"", 6540.06905049043, 330.21580441545416], [""Миколаївська область"", 6457.681230102887, 326.0559461366997], [""Миколаївська область"", 6046.108196893701, 305.27513798503526], [""Миколаївська область"", 5961.259163005086, 300.9910101320882], [""Миколаївська область"", 6129.357331938775, 309.4784850573017]]"
49,77,61633.64434731086,2909.7446330769026,"[[""Миколаївська область"", 6519.477627809757, 302.251193703185], [""Миколаївська область"", 7433.156466674467, 344.61049539481075], [""Миколаївська область"", 6602.889005409737, 306.1182502201793], [""Миколаївська область"", 6699.840912159497, 310.6130627220147], [""Миколаївська область"", 6764.963298910024, 313.6322185893782], [""Миколаївська область"", 6533.547161633409, 302.9034750109551], [""Миколаївська область"", 6770.241221767652, 313.8769097402746], [""Миколаївська область"", 6666.953946294923, 309.0883815654382], [""Миколаївська область"", 6732.518017876135, 320.051131728885], [""Миколаївська область"", 910.0566887752668, 86.59951440178111]]"
50,69,4598.710457424378,239.37399448747243,"[[""Житомирська область"", 4598.710457424378, 239.37399448747243]]"
51,80,150598.4573954066,7058.329269106849,"[[""Черкаська область"", 6094.849261033247, 286.5466352934768], [""Черкаська область"", 6471.126832212127, 303.25238843052847], [""Черкаська область"", 6575.259718697561, 308.1323030666751], [""Черкаська область"", 7453.17240474338, 349.273378767991], [""Кіровоградська область"", 934.7234271434374, 43.80336209641527], [""Кіровоградська область"", 6427.186373805461, 301.1932340813626], [""Кіровоградська область"", 6577.652162536055, 308.2444186729707], [""Кіровоградська область"", 6427.2142959089415, 301.19454257751636], [""Кіровоградська область"", 6581.368510783038, 308.4185755874246], [""Кіровоградська область"", 6483.612728731378, 303.83750722657976], [""Кіровоградська область"", 6635.612562341312, 310.9605808084182], [""Кіровоградська область"", 6427.207977572439, 301.194246485246], [""Кіровоградська область"", 6713.864154169069, 314.6276364442518], [""Кіровоградська область"", 6735.193104136941, 315.6271617492228], [""Кіровоградська область"", 6647.3065867249425, 311.5085905935221], [""Кіровоградська область"", 6470.588738222568, 303.22717206686195], [""Кіровоградська область"", 6597.402837227333, 309.16998224613855], [""Кіровоградська область"", 7249.093152186, 339.7097397957061], [""Кіровоградська область"", 7985.03118771909, 374.19754582994364], [""Кіровоградська область"", 7656.032568106658, 358.7798883222615], [""Кіровоградська область"", 7104.424344613981, 332.93021552348375], [""Кіровоградська область"", 6896.9962952507785, 323.20964397112954], [""Кіровоградська область"", 7453.538171540815, 349.29051946972754]]"
52,67,3424.8569139416363,377.2437894545043,"[[""Полтавська область"", 2560.113508559284, 304.96079868610843], [""Полтавська область"", 864.743405382352, 72.28299076839583]]"
52,83,6532.829266407702,626.3679842160384,"[[""Полтавська область"", 1590.4122161287391, 176.01049483923714], [""Полтавська область"", 1657.3424860539924, 148.8680963379613], [""Полтавська область"", 3285.07456422497, 301.48939303883975]]"
53,54,6045.455506763317,469.3289405975818,"[[""Житомирська область"", 1753.6508881133416, 137.7664388030262], [""Житомирська область"", 3896.5830015851325, 306.9320112381199], [""Житомирська область"", 395.2216170648428, 24.630490556435593]]"
53,73,23393.09255066272,1177.5803271702048,"[[""Житомирська область"", 721.8932347027985, 66.46308301963592], [""Житомирська область"", 6140.376745046411, 303.64684507368816], [""Житомирська область"", 6794.278061794568, 331.94333118726615], [""Житомирська область"", 1977.955573054266, 96.63560364890803], [""Житомирська область"", 4374.950693484618, 213.74393184487155], [""Житомирська область"", 3383.6382425800643, 165.1475323958347]]"
54,68,31632.79555024474,1677.2741949907033,"[[""Житомирська область"", 3133.5674186608535, 161.7770198827399], [""Житомирська область"", 3285.8414111342563, 175.0051693495146], [""Житомирська область"", 5029.791727122551, 267.359318630728], [""Житомирська область"", 4474.773278318199, 237.8572313972462], [""Житомирська область"", 5160.173423016082, 274.5605051263832], [""Житомирська область"", 5400.537938941988, 287.06638801939926], [""Житомирська область"", 5148.110353050812, 273.6485625846921]]"
55,56,7173.214235517559,608.6319334585487,"[[""Хмельницька область"", 2352.555889395193, 179.55512532387473], [""Хмельницька область"", 2755.8502815531833, 247.2892873400429], [""Хмельницька область"", 2064.808064569184, 181.78752079463106]]"
55,58,102321.06283954068,5189.74713293169,"[[""Хмельницька область"", 6092.024591426574, 300.3681905619905], [""Хмельницька область"", 6165.507637608433, 303.99128322804614], [""Хмельницька область"", 6150.1028615195755, 303.23174842145073], [""Хмельницька область"", 6232.525845977662, 307.29562609148456], [""Хмельницька область"", 4397.484830944071, 216.7127459689052], [""Хмельницька область"", 6297.131446313339, 310.4810149522433], [""Хмельницька область"", 2152.501538962634, 105.7050201431548], [""Хмельницька область"", 6459.451869989155, 318.4842479036296], [""Хмельницька область"", 6703.419458651284, 330.51310662907605], [""Хмельницька область"", 6800.773741146023, 335.31317419898664], [""Хмельницька область"", 3252.67250641998, 160.37350811404377], [""Тернопільська область"", 3228.272022223129, 159.1704385635106], [""Тернопільська область"", 6175.626086388255, 304.490174870008], [""Тернопільська область"", 5196.693017529003, 256.22373238250424], [""Тернопільська область"", 933.4926337336135, 45.78351989987111], [""Тернопільська область"", 6125.91961980028, 302.0393900440124], [""Тернопільська область"", 6112.75673236261, 301.3903918952216], [""Тернопільська область"", 4475.66210628449, 220.5988793845736], [""Тернопільська область"", 6234.169289768323, 307.37665633525364], [""Тернопільська область"", 3134.8750024922533, 300.2042833437249]]"
57,75,77945.28032173941,4948.272589594022,"[[""Львівська область"", 4968.1870266510905, 315.22465624886456], [""Львівська область"", 5189.4445909271435, 329.2631453933429], [""Львівська область"", 4894.2444295253135, 310.5330998247432], [""Львівська область"", 5707.810759399814, 362.1527681855797], [""Львівська область"", 2896.105596129204, 183.97627233679165], [""Львівська область"", 4503.491866063926, 285.7403853325701], [""Львівська область"", 4817.171062043627, 305.6429003133262], [""Львівська область"", 4328.472863515687, 274.3331825869385], [""Львівська область"", 4655.126517187899, 295.94603097854974], [""Львівська область"", 1277.7142504988724, 81.18912815410177], [""Львівська область"", 4814.753299314009, 305.4894965824992], [""Львівська область"", 3871.8261548560895, 245.71731889891004], [""Львівська область"", 5081.274596677757, 322.3999075420318], [""Львівська область"", 4735.614938035897, 300.46827604547616], [""Львівська область"", 4966.507183198432, 315.1180724845908], [""Львівська область"", 4751.338371090244, 301.4659063184552], [""Львівська область"", 4742.2266502431885, 300.8877801214258], [""Львівська область"", 1743.9701663812095, 112.72426224582568]]"
59,60,7696.2124686486295,376.35082474629354,"[[""Кіровоградська область"", 6343.3167870910875, 310.1931650371816], [""Кіровоградська область"", 1352.895681557543, 66.15765970911194]]"
59,61,1492.0608754757777,127.85491951203205,"[[""Кіровоградська область"", 1492.0608754757777, 127.85491951203205]]"
60,80,10939.9741682053,492.26861130495223,"[[""Кіровоградська область"", 4178.45605771885, 188.01897786102907], [""Кіровоградська область"", 6761.518110486454, 304.249633443923]]"
62,64,6100.0115972913645,237.1085148639945,"[[""Полтавська область"", 6100.0115972913645, 237.1085148639945]]"
62,63,3528.0011316309983,232.7714283918556,"[[""Полтавська область"", 3528.0011316309983, 232.7714283918556]]"
63,64,5107.600202218521,352.9041488298425,"[[""Полтавська область"", 4398.761915211526, 303.94393786230097], [""Полтавська область"", 708.8382870069954, 48.96021096754149]]"
64,84,156329.36520565013,5925.770537675175,"[[""Полтавська область"", 8101.815020934015, 300.9603486210615], [""Полтавська область"", 8348.059725197356, 310.1076683080322], [""Полтавська область"", 8151.006095004299, 302.78766296519103], [""Полтавська область"", 8247.84517587678, 306.38497090967246], [""Полтавська область"", 8222.744331266742, 305.45254293828583], [""Полтавська область"", 9083.741840626206, 337.4362539844085], [""Полтавська область"", 8239.499915912398, 306.0749672448487], [""Полтавська область"", 8684.841225025502, 322.61818321555694], [""Полтавська область"", 3155.699123444634, 117.22562239215193], [""Київська область"", 8365.940418861048, 310.77188734842093], [""Київська область"", 8183.214518979595, 303.9841181401232], [""Київська область"", 8259.34085035857, 306.81200388817604], [""Київська область"", 8132.0875374963225, 302.08489011141734], [""Київська область"", 9265.893200180366, 344.2026805853086], [""Київська область"", 8111.998600205687, 301.33864083828604], [""Київська область"", 8372.571481691451, 311.01821326131943], [""Київська область"", 8750.946578198902, 325.07381693286345], [""Київська область"", 9453.646960283717, 351.1772210987138], [""Київська область"", 4804.910762843725, 178.48934029498815], [""Київська область"", 4393.561843262864, 281.76950459635077]]"
65,66,8385.493408868275,376.39241548297264,"[[""Вінницька область"", 7122.2198980936355, 319.68894617569737], [""Вінницька область"", 1263.273510774639, 56.703469307275284]]"
67,83,3970.3122293450306,196.07729079262617,"[[""Полтавська область"", 3970.3122293450306, 196.07729079262617]]"
68,69,10510.48744603631,659.661156705189,"[[""Житомирська область"", 3782.3354599456493, 300.2157677992573], [""Житомирська область"", 5618.964191229886, 304.6955095219323], [""Житомирська область"", 1109.1877948607766, 54.749879383999364]]"
68,70,2370.9533280305236,116.79855092405857,"[[""Житомирська область"", 2370.9533280305236, 116.79855092405857]]"
69,70,7956.95085591081,604.2483076601651,"[[""Житомирська область"", 3964.9153390456872, 295.47435591095206], [""Житомирська область"", 3992.035516865123, 308.77395174921304]]"
71,72,1895.1893667331155,68.5399726379354,"[[""Київська область"", 1895.1893667331155, 68.5399726379354]]"
72,78,6137.537160602678,483.4380114567553,"[[""Київська область"", 2215.3229207941686, 174.07942027985743], [""Київська область"", 3922.2142398085107, 309.3585911768978]]"
74,84,120302.12574570678,5679.218589121538,"[[""Черкаська область"", 5797.61145644998, 300.91952703362864], [""Черкаська область"", 6262.981502216485, 307.0894832056236], [""Черкаська область"", 6416.803276459353, 304.3276078041406], [""Черкаська область"", 6392.484715608988, 303.1742594576233], [""Черкаська область"", 6337.485849620753, 300.56584642125307], [""Черкаська область"", 6369.1259868097695, 302.0664327485063], [""Черкаська область"", 1883.3634557695052, 89.32165603747936], [""Київська область"", 6779.294422953872, 321.5193555810378], [""Київська область"", 6731.764456767109, 319.2651675865743], [""Київська область"", 6344.903382254958, 300.91763528949815], [""Київська область"", 6495.684118712839, 308.0686634342307], [""Київська область"", 6597.616605001784, 312.9029817658594], [""Київська область"", 6618.011525583278, 310.21049450184864], [""Київська область"", 6781.146550896639, 311.9688376877806], [""Київська область"", 6647.733024303676, 305.8311052983322], [""Київська область"", 6882.96183208221, 316.6528825896147], [""Київська область"", 6865.78517219529, 315.86266480268716], [""Київська область"", 6883.092225263853, 316.658881370059], [""Київська область"", 6577.373729392483, 302.594203206742], [""Київська область"", 636.9024573638209, 29.30090329901661]]"
75,76,133086.14920493172,8309.71705937128,"[[""Львівська область"", 4688.373142303908, 306.2970339690419], [""Львівська область"", 4791.557150178821, 311.7406612715925], [""Львівська область"", 4660.980313125792, 303.2452790286519], [""Львівська область"", 4960.307027616958, 322.7195970816562], [""Львівська область"", 4786.046944724616, 311.3821650587335], [""Львівська область"", 4744.8661210587925, 308.70292388536825], [""Львівська область"", 4868.652144554574, 316.75649303027865], [""Львівська область"", 5127.297152447222, 333.58404266976095], [""Львівська область"", 4658.249008169023, 303.06757921486053], [""Львівська область"", 4620.075897574039, 300.5840210798543], [""Львівська область"", 5096.74324350233, 331.59619289976354], [""Львівська область"", 4898.9366366659715, 309.9217065402664], [""Львівська область"", 4930.283049413424, 306.57133314283413], [""Львівська область"", 4847.683862313715, 301.43520958727356], [""Львівська область"", 1863.0728676344872, 115.84826409528381], [""Волинська область"", 5734.073059497448, 356.5520284677543], [""Волинська область"", 4867.245550904467, 302.65158051155674], [""Волинська область"", 5070.00072541743, 309.0000083971777], [""Волинська область"", 5331.019825068259, 312.088255430516], [""Волинська область"", 6977.347398319209, 408.46746936383977], [""Волинська область"", 5315.09974899103, 311.15626325410346], [""Волинська область"", 5289.50715627026, 309.6580231656667], [""Волинська область"", 5307.891685303671, 310.73428920504034], [""Волинська область"", 5480.0556366689625, 320.81310132593325], [""Волинська область"", 5257.495423034184, 307.78399412304793], [""Волинська область"", 5191.112066732928, 303.8977835034099], [""Волинська область"", 3722.176367440222, 273.4617600680132]]"
79,83,18359.12142623563,903.3518225387702,"[[""Полтавська область"", 5590.96407831741, 275.1007236478857], [""Полтавська область"", 6659.581310057898, 327.68152539091557], [""Полтавська область"", 6108.576037860321, 300.5695734999688]]"
