node_id,lon,lat,city
0,35.0463002,48.46468589999999,Dnipro
1,31.873894169811322,49.26545088679246,
2,33.424373,49.0446295,
3,33.07675936842105,48.67329021052631,
4,33.420809500000004,49.0654265,Kremenchuk
5,35.50059383333333,49.285466500000005,
6,27.407986714285716,49.93897057142857,
7,24.05231475,49.865171,
8,28.67948930769231,49.737597461538456,
9,28.5057772,50.302966399999995,
10,30.182433733333326,50.442872466666664,
11,27.59057425,50.612024500000004,
12,32.02207745454545,49.466333000000006,
13,26.2521358,50.619369000000006,Rivne
14,26.147177,50.586347999999994,
15,25.499909545454543,49.57206466666667,
16,26.070263,49.965582,
17,28.51660071428572,49.231560142857134,
18,28.581987,49.21414928571429,
19,28.469025333333327,49.23294999999998,Vinnytsia
20,28.571690125,49.257604125,
21,30.50901199999999,50.451616,
22,30.494155872727266,50.44678974545453,
23,32.059906749999996,49.44393875,Cherkasy
24,30.523512079646018,50.449591999999996,Kyiv
25,27.115285909090915,49.402503090909086,
26,27.01700991111111,49.434463066666666,
27,30.080955545454547,49.817670090909104,
28,30.159770526315793,49.84956163157894,
29,24.03164233333334,49.84433766666667,Lviv
30,26.34493525,50.609896500000005,
31,33.294383333333336,49.795062,
32,36.23052875,49.99339225,Kharkiv
33,35.9941802,49.9714598,
34,30.95304750000001,50.35041549999999,Boryspil
35,30.246006249999997,48.38577125,
36,30.27981133333333,47.73831116666667,
37,30.253695018181823,48.72309365454546,
38,31.082038750000002,48.01103675,
39,32.152519857142856,48.501130999999994,
40,30.722773,46.482322,Odesa
41,30.21680579629629,48.73509794444443,
42,30.221975,48.747831999999995,Uman
43,32.311974449999994,48.54526805,
44,34.8164568,48.3967938,
45,28.659014500000005,50.254648499999995,Zhytomyr
46,32.261988200000005,48.5078662,Kropyvnytskyi
47,30.903372714285716,46.69840942857143,
48,31.995429428571434,46.974790857142864,Mykolaiv
49,32.112428,47.671984,
50,28.800030399999997,50.2894857,
51,30.27220647777778,48.72001635555556,
52,34.551252875,49.587930625000006,Poltava
53,28.583723666666675,49.900738333333344,Berdychiv
54,28.6137136,49.950514399999996,
55,26.886040333333337,49.40229433333334,
56,26.987053,49.42288933333333,Khmelnytskyi
57,25.1153007,50.0019955,
58,25.594665666666664,49.5542951111111,Ternopil
59,32.27495145454546,48.533769545454554,
60,32.23788494117647,48.59253882352942,
61,32.29155278260869,48.527708,
62,33.039122875,50.02936662500001,
63,32.995307,50.019821,Lubny
64,32.970261216216215,50.05867432432432,
65,28.475116499999995,49.2848479,
66,28.39923525581395,49.239454255813946,
67,34.53489725,49.55665,
68,28.67420531707317,50.23404853658536,
69,28.784170200000005,50.244942249999994,
70,28.678317749999998,50.248776625000005,
71,30.201138375,49.783238624999996,
72,30.200570033333335,49.800027833333345,
73,28.31028324324324,49.79947748648648,
74,32.11253525,49.655420833333345,
75,24.161154470588237,49.91996290196078,
76,25.325160499999996,50.724451,Lutsk
77,31.330279666666666,47.56708633333334,Voznesensk
78,30.1165118,49.8064222,Bila Tserkva
79,34.830286799999996,49.608039266666665,
80,32.159915133333335,48.51354986666667,
81,30.1944585,48.725979499999994,
82,29.663254153846154,49.733761615384616,
83,34.58870374074074,49.55741503703703,
84,30.971232999999994,50.33937957142857,
85,24.041978541666673,49.85475433333333,
