od,pred,pred@0.02,pred@0.05,pred@0.1,pred@0.2,pred_recal,pred_recal@0.02,pred_recal@0.05,pred_recal@0.1,pred_recal@0.2,markov,markov@0.02,markov@0.05,markov@0.1,markov@0.2,markov_roll,markov_roll@0.02,markov_roll@0.05,markov_roll@0.1,markov_roll@0.2,semimarkov,semimarkov@0.02,semimarkov@0.05,semimarkov@0.1,semimarkov@0.2,blend50,blend50@0.02,blend50@0.05,blend50@0.1,blend50@0.2,stack,stack@0.02,stack@0.05,stack@0.1,stack@0.2,reactive,oracle,static_roll
Lviv-Kyiv,-0.612985150403998,-0.130179426323594,-0.12999753491430757,-0.5285560217506997,0.0021195567040355493,-0.8054982248577797,-0.6902708552635834,-0.6217044865572887,-0.3551183115710809,-0.18733127562202553,1.2517092382305541,1.376142873334129,1.3922967405808757,0.2215510848346331,0.13746959959855162,1.5598453252446143,1.5557891032498687,1.1912648333466787,0.2583074873852978,0.15110359785531863,0.3891453732960955,0.364714180748074,0.33031430723757244,0.12720467049089892,0.07997060803730942,0.892897678118024,1.3159334404275111,0.8425182252131236,0.20223587451498262,0.15686742022606545,1.4416699989623891,0.9738716851517508,0.8215213849511943,0.17368751089925616,0.19991822007117202,0.31422711636077744,21.24644272072303,-0.5873473362990608
Lviv-Odesa,0.3708445867404207,0.4467355775967331,0.8593410209857677,0.5711330436571146,0.09443388884703573,-0.23641861614934248,0.21217092772712037,0.30861253610637607,0.3111404820942489,0.08981902032234332,0.8236179771598316,0.6321209300771307,0.6428456485516939,0.017657884021544994,0.0,0.6385126698359936,0.7399316642167773,0.5466670148104792,0.007948703107814734,-0.0009882185785971274,-0.9074667249608628,-0.6867481439135754,-0.41360331912777587,-0.30680147281743786,-0.280143352768102,0.506588128898492,0.5101744937204201,0.5541153605956883,0.1708209362232126,0.0,0.0754100937033272,0.15634338890876323,0.3443679332381982,-0.10115180841349128,-0.2372528451575281,-0.5461444113061096,33.80900099119646,-0.19024210571957625
Lviv-Kharkiv,8.969687426338956,8.203914188454045,7.1684470002745035,5.16303622808336,1.8967993802900138,9.411986997121767,9.010290422062095,8.483390795195021,6.559872665607775,3.575721999172859,-0.006885198265671988,-0.010653301074366859,0.015388714759518038,0.0,0.0,7.096532356004408,7.068073581947159,4.928458728700307,3.4602257111361414,1.333144437215561,6.020139391732758,4.9031395245493075,4.70906514757901,3.1123871579487754,2.2547170242034777,9.014882028235187,9.069351340581862,7.88421824053996,5.204551057155068,1.9896454255845113,8.35245843427619,8.529020142253302,7.962073376373087,5.450521238739453,2.6936697871770483,0.26122127354479957,42.03701746753464,7.700700197428207
Lviv-Dnipro,4.242703514045291,4.100915263681215,4.2274669478207665,3.465083616718056,1.0197523459952116,4.349208171294616,4.183010157728015,3.8331083209324404,3.3308212277457017,1.065111064350817,0.5511668902570358,0.4221308713302327,0.1182121351880618,0.08203009364673841,0.0,2.0709433656149163,2.1483356025571023,0.8707108831490641,0.18614156435034135,0.02043748185330785,0.09633295492723148,-0.4150664102730125,-0.564443155736869,0.18217468705548612,0.24504812348764587,4.252965084737173,4.045904491997503,3.350502600783464,1.6162581823500914,0.0024397359972336908,3.239075502671251,3.9138424503201623,2.666187950846288,1.364468657332181,0.22099466522519945,-0.5899431314750472,36.97703256158646,2.510346938058753
Lviv-Zhytomyr,-0.8882323036201032,-0.450646959751007,-0.3709943936525903,0.1497484470962827,-0.08627835419011196,-1.0222402086783342,-0.6271963778443788,-0.4107702045441593,-0.35349403658276113,-0.1142519716197131,1.8442917847249,1.1559833634053915,1.1575137284907702,0.1985870908577871,0.28060966273556986,1.842600965806313,1.5869325420056468,1.3860339048082109,0.7238017833512931,0.19795694705338257,1.1685709388212704,0.39882612712775534,0.6048549046849461,0.37083638188553436,0.3532552685363707,0.34100299046887617,1.0561657773565132,1.4731981215293872,0.4596474331258284,0.3324689458432868,0.6292011899645216,0.5773599366904386,0.15990318742237383,0.024216061354895162,0.04922477927592768,0.17225881356396097,21.03677533231819,-0.6729839124105194
Lviv-Vinnytsia,0.43204596890283664,0.6045794911870572,1.1162672989937779,1.4840371285651297,0.15257502640035278,0.11398760067027329,0.11044898183661306,0.5873385290635152,1.0915651405861058,0.47129559146397815,2.3632136478597072,2.3632136478597072,2.3632136478597072,2.588824498332792,0.07746378236773398,2.398968639853805,2.3594870366839458,2.3594870366839458,2.4385639719570564,0.4952727345807462,2.5268745875015486,2.2650646574855147,1.3293448937389822,0.5054366969500458,0.027743702494977998,2.0105574717959525,2.3697331062702562,2.218722695395156,2.2602579880315807,0.4589284540993793,2.0671990061305845,1.9508154203646968,2.0902399349299765,1.7895902096477925,0.6210087399138217,0.41608138750432605,17.545484900192083,0.0
Lviv-Cherkasy,-1.3646565032585805,-0.5559337521239363,0.3210079443512966,0.929140096688668,0.07667616117774552,-1.377144487621282,-0.6194371117008549,-0.04280359080661271,0.5421165434225588,0.2340764591843019,1.2375820510847246,1.204288224111215,1.1125752662989767,0.20657877642066705,-0.005628693881393213,0.7091844567441141,1.3723553050885227,1.4075998154636455,0.9526753335766214,0.19222765455892554,-1.9163877898392025,-0.9377547749912537,-0.5040838639097046,0.05484308536815947,-0.02323807755906679,0.7429190163373753,1.2656496762893383,1.366474506879356,0.6662081501810668,0.06555942021953505,0.840533914961733,1.0222858922921492,1.0984904548708303,0.8736006842071014,0.2764721313214167,0.2452924969497391,22.35558693796075,-0.28705209139499493
Lviv-Kropyvnytskyi,-0.5049788637918619,-0.10281692343525173,0.1587142589140904,-0.020680548472313307,-0.30088429661204735,-0.47618193078396204,-0.23702852637438873,0.074366565376463,0.12217286424363667,-0.32027551240310353,0.8043753930177773,0.11444250124654592,0.11444250124654592,0.0,0.0,1.06106324654055,0.8665454071016699,0.5331819315342147,0.35991816512288866,0.11398434712712324,-0.656443855489391,-0.4356364971294397,-0.28434810237115404,-0.33317822123058854,-0.1737309214127837,1.0741745777896254,0.6965274511752276,0.8154933206432041,0.5661395984592176,0.04042305034036947,0.945716590466234,0.7925922549091942,0.5636892107510479,0.2683582394786282,0.06537528640997192,-0.07994193719587873,32.41962632154727,0.0
Lviv-Poltava,1.8747826194620567,2.4059453683764627,2.8723302422377595,1.7050344575968515,0.7881426141150206,2.565011692708186,2.8465446807219195,2.6068509890434663,1.9790130442626532,0.857017129397938,0.6572845373502595,0.5445377392579207,0.21711824642228564,0.183079826020805,0.0,0.8696867085330345,0.8131921549822693,0.9221071015811098,0.39881164720250123,-0.043107798895428553,-0.6293722031470398,-0.6303981425106919,0.40781624938367134,0.19839387482961016,-0.10058677325659494,2.9359220064785956,3.0931490305650517,2.9626393112901304,1.0826901462705425,0.17415974638979242,2.4861755620784622,2.3219582415775384,1.9140094368510923,1.1705281271211985,0.7923025269752337,0.029117015018534684,35.42725799927359,-0.43463823935393153
Lviv-Mykolaiv,-1.9611770097910417,-0.7869921617015447,-0.16856896551934109,-0.07829589422904032,-0.012350468327365034,-2.2553405169273946,-1.7533644902462437,-0.9458577072725284,-0.51390409140564,0.06343070459372906,0.1330709156349288,0.1330709156349288,-0.0021332647543127413,0.0,0.0,-0.03296424556595041,-0.1776565514060161,-0.25562644195659395,-0.32954258829111255,0.010931109451059172,-2.156712068714334,-1.6463036546485632,-1.3626698560023605,-1.3517727014901417,-1.3005408932450662,-0.5884195652486307,-0.2903743611457541,-0.1808759728243348,-0.1705885399177725,0.0,-0.6291424583226364,-0.546808255606424,-0.39607483272567845,-0.07972126504651961,0.1119236013547226,-0.17004822978602072,38.687138693420145,-0.45397086645750484
Kyiv-Odesa,0.8588521783308367,0.7551805661045503,0.24036737112836168,0.07047424632960776,0.0,1.001492837806069,0.9371007179121519,0.45825716523511534,0.19769528588171884,0.010576790285742375,0.647090097837034,0.54476139084918,0.017930111342411178,0.0,0.0,0.7049460056982388,0.5429743323243191,0.46490970803409976,0.05190688617712297,0.0877507174860984,0.6877236941785958,0.6301018633853872,0.1910148866418416,0.11793433877722377,0.042547483476774645,0.7841940740678562,0.7865291268326473,0.43319691008951833,0.010576790285742375,0.0,0.7079939847193674,0.5035529140295357,0.24420029650910804,0.13125846725376727,0.0139941511183304,-0.1657965263025143,25.346461053777773,0.0
Kyiv-Kharkiv,11.380276540042896,10.760809649472508,10.173646101425582,8.713437284871029,4.315502527113574,11.591354064673187,10.822836647517397,10.298121509641536,8.640605872849271,5.289510999441915,1.3918484183308542,1.4175048316112624,1.417523859065001,1.3009808031273125,1.3245633491149535,10.353139403427276,10.180355552313143,9.110425433772635,5.834560796114233,3.6866979507772117,8.951720766777886,8.683076907592264,7.810736677423961,6.434329622559663,4.348985455370792,11.157198591322508,11.591166938187605,10.451285896248597,7.218389739769849,4.236727329476088,10.994421495364556,10.99066205442441,10.18625284428976,6.786089829803278,4.58230430428946,1.2590806324834158,40.97137831705247,9.987086234619959
Kyiv-Dnipro,1.4103286093247671,1.831997031556306,1.328638304615339,0.2739113320286472,-0.02262176316312574,1.7393106441717812,1.5509782427861727,1.3998879645569093,0.596564341714975,0.07795410777502629,0.7070674756882369,0.025181936943694968,0.0,0.0,0.0,1.777558962691988,1.2561985376528435,1.1953743032518152,0.4083516054856603,0.0,0.965328479042978,0.5683479259711376,0.3985117740649213,0.3248323088989017,0.09387494211783318,1.765907764043658,1.8951980331089822,1.381632669661601,0.31379830366162054,0.01791506577269475,1.4921277978285616,1.7942783417320343,1.9445089463698089,1.1270176686930622,0.288180921819343,-1.6271652783845127,26.60954613299146,0.954063529273748
Kyiv-Ternopil,-0.30580535099019,-0.30393988936581645,0.012598148794689805,-0.034221320058798126,-0.08504281284478196,-0.428665000157088,-0.2851873503002419,0.07192514503888023,0.03632898926209469,-0.018319331379573384,0.28018361655372087,0.8747064038144047,0.3018813366142415,0.15695665242631762,0.15695665242631762,0.7663013802034642,0.8655070174457241,0.4430667199781987,0.13478455457612526,0.14532479693382733,0.21011530630592176,-0.08473716206378246,-0.23633579974182842,-0.35511656611912507,-0.08895507704126596,0.5132881261265365,0.9293278101678288,0.4300526903716932,0.0835336431912163,0.05666200714217056,0.3292246412249725,0.6063619307333004,0.41984079196523694,0.11082504345164516,0.0685013824842902,-0.07186123026093048,10.499046510369281,-0.13459820573476572
Kyiv-Rivne,1.1042966767465148,1.4075933914954275,1.4885072661008703,0.9634036638656293,0.059929351181681224,1.2310781392735062,1.6075154469509618,1.4946072285629894,0.7810703795108368,0.15583441019588232,1.4820346210048685,1.4255136877023833,1.4633629044640921,0.259666191803549,0.0,1.325319193288917,1.373194964450959,1.3697141344570618,0.4879368167141877,0.259666191803549,1.401919358686736,1.037657702596167,0.6753051944352465,0.14599331390835732,0.0,1.620790115421733,1.8229342609815278,1.6208221051712923,0.5832434623080471,0.07310555180587396,1.5933107025755204,1.7123744938101972,1.2064264219891283,0.6118971258302188,0.07310555180587396,0.15860547809340306,11.128119068162743,0.002145755287649557
Kyiv-Khmelnytskyi,0.3823948493114557,0.2249279192845947,0.2739680822445638,-0.13348660309366553,0.01092969392064279,0.7018813402410482,0.3794614262510239,0.30697711747716083,-0.14665206880694204,-0.06312132282539233,-0.3699972372410516,0.2540049317961618,0.20324966765308083,0.22049409375508416,0.20653607324211454,1.3322867300275039,0.7164837255620958,0.04877677097064669,0.2808003758379362,0.12922412459892,1.4485383508626881,0.7836601596527706,0.012440304899814103,0.17785812726701672,0.19683679150246527,1.421345687803695,1.014042442783271,0.40945145334765154,0.2684611235251689,0.1764790266094727,1.10567256569982,0.9529816473647783,0.30732334013173623,0.16905517246770027,0.07926412407715608,0.07358373959566926,11.58636498446941,1.430029352827402
Kyiv-Kropyvnytskyi,-0.02720025686372385,0.019368852820826746,-0.011388683159719555,0.0,0.0,-0.09658463891237345,0.03529867899872447,0.018076104035711242,0.0,0.0,0.0,0.0,0.0,0.0,0.0,0.017471953621233525,0.005534289641799582,-0.007550429867922539,0.0,0.0,-0.027591765679772062,0.015492272161791231,0.01351926201670875,0.0,0.0,0.054278170511926356,0.00846700183377936,-0.007550429867922539,0.0,0.0,-0.005272894048678687,0.03636647107348032,0.03582225754946104,0.0038382532918308015,0.0,-0.25153095394361147,8.796779128148827,0.0
Kyiv-Poltava,0.8241403005800182,1.1877358206064041,0.4447691540735522,0.2452992536238546,0.025956025970092066,0.7754211194748106,0.8895101132893093,0.7511534939132628,0.08353639370479014,-0.054182962983682706,-0.26906781451064093,-0.3523827938871768,-0.3886644257254536,-0.020980597035559538,0.0,0.23576680162697347,0.03173869037394985,-0.41706884481551887,0.1055006856188452,-0.16364963756344716,-0.42234376601257617,-0.2757991675383794,0.07314445409771465,0.7902896992850855,0.4800162850846524,0.6339644567707666,0.5139273847240553,0.25778503319180884,-0.033404035727600805,0.05512094664978154,0.7026296211138404,0.8435416764495102,0.7150596107484658,0.15325865362750815,-0.09842362949382244,1.1142232829309335,31.119828845426607,-0.10331317556262994
Kyiv-Mykolaiv,1.512217646792455,0.9461334510164331,1.1127438779722938,0.09765838426001129,0.10289635627196349,0.96397302207845,1.113898462047529,0.9544182588292265,0.507748719181051,0.15075282181660873,-0.011405162146972982,-0.011405162146972982,-0.011405162146972982,-0.014607173073982939,0.0,2.0010214676936746,1.5158145384619395,0.5708694408337844,-0.011405162146972982,0.0,-0.15654317766312478,0.6964359097883909,-0.15445409230734655,-0.23140376829888837,0.37613015491394897,1.7758231660680197,1.6797941290237826,1.680969219537474,0.24558783223759367,0.0,1.6662829919814892,1.5654266255740084,1.002280203407062,-0.20568694656402123,0.0,-3.590671817349378,29.3176153951525,-0.7251977706362482
Kyiv-Lutsk,0.39075640503663195,0.8699226415851032,1.1627661320433513,0.3750703708985464,0.012984128658230454,0.30475263882576187,0.5539075284706049,0.7902636587875741,0.4012364902510022,0.07210344931538559,1.1447234626243652,1.4115407433196476,0.9782908213840877,0.21246262103836452,0.0,1.2519826093485882,1.2755756889254284,1.0793106123341496,0.3141317532961863,0.06272281331041635,0.971980345197091,0.7960489137465605,0.41160905739534687,0.03723881393101795,0.0,1.3685255455215772,1.4659839897380504,1.3088006970487172,0.2449282062322282,0.0,1.3269579293408293,1.35090472266084,1.1120464831180124,0.49008820391583574,0.07570694196863363,0.7666460270334874,11.72235045130386,0.0
Odesa-Kharkiv,-0.0021354463233242763,0.33743125902553,-0.04058781578207065,-0.2750533730371378,0.009161091556128582,0.3138815111374355,0.4235122296781068,0.30879871467835573,-0.21133939732292417,-0.10039615928078341,-0.1255759803681998,0.05926260092277654,0.03990843186620646,0.0,0.0,-0.5929127278411436,-0.12743024232783473,0.04276151694471693,0.0178412436770292,0.0,-2.679127659191016,-2.281586420565278,-1.7328024038359873,-1.3238204159213796,-0.21435419638763997,-0.14616460779416598,-0.1416576409443327,-0.1408814366444013,0.0,0.0,-0.17367611295495985,-0.15415644241477802,-0.24312529889428014,0.03671313732246876,0.004111767269592717,-2.1952016410779565,31.33153334602073,0.11760629567410898
Odesa-Dnipro,-0.11294396931123538,0.10695847811408889,0.1999998320412759,0.02379453112493699,-0.011331682370698726,-1.0629924725284712,-0.4951874717713076,-0.17233738458718992,-0.21598768359262568,-0.12054633257642013,0.17771699598853022,0.20406074627968251,0.20406074627968251,0.0,0.0,-0.5549372346995642,-0.14301072689740965,-0.023575004651006617,0.14212154691326398,0.0,-2.1177453672423634,-1.5987002805829915,-0.8901320533624668,-0.633289955815939,-0.44519721369722765,-0.6287359095405838,-0.3547561031992501,0.17079522432489874,-0.06575215114927638,0.0,-0.3890684482251591,-0.0722411057958109,-0.1316333159576566,0.06434096512770338,-0.08152151118934976,-2.836321075349596,29.976938841654732,-0.1780979050144253
Odesa-Ternopil,0.0014174681861333267,-0.13359638244427446,0.23874976915714075,-0.009284798156170603,0.013635304365952415,0.17529569289352,-0.09920136190742722,0.29585526036136867,0.10338388462600248,0.013635304365952415,0.9564104421928664,0.9584643504459149,0.0,0.0,0.0,0.16844391074140364,0.5299041458104791,0.29659424837664905,0.0001734524756184014,0.0,-1.4290256277550584,-0.9509419411020076,-0.5130287993902128,-0.27264546203610723,-0.14854090136657597,0.5445755849655877,0.9835766971585177,0.5303054907565911,0.016180082485273382,0.0,0.0026998451222511603,0.24841105597872687,0.3585800749908513,0.05124083270685406,0.0,-1.3460539845724053,20.106467912993246,-0.08489291061341438
Odesa-Rivne,3.0517504610901534,2.487470556927714,1.6204662017286144,0.4826228814254788,-0.08483167052035857,2.911518414345446,1.9836128297207631,0.998031886157487,1.0920736090359526,0.0116627118894591,0.0824121625032278,0.022748213851314376,0.0,0.0,0.0,0.5148728848508336,-0.7089243986753816,0.6471108889687567,0.15706247866068004,0.0,1.97368829049915,1.2625386126517504,0.44457416589302745,0.7770807159181663,0.4839232682631981,2.397109136061306,1.8025541207948215,1.1506739799976178,0.4935770123034228,-0.00557750079113594,2.8747720467629554,2.2327992215441292,1.5740432736992167,1.222497454867676,0.6273953334491014,-0.27530192410899035,27.863303629675695,2.2695645105653317
Odesa-Zhytomyr,0.7678850873708675,1.2060670284529338,0.6791685979839416,0.39289028127045944,-0.04749207355488173,0.5734172597120144,0.8018889925998002,0.6214120818175791,0.5979452945381586,-0.10326278728696675,0.9229473149799587,0.9358769206054395,0.26209981333253424,0.0,0.0,0.21552464059416684,0.9334674349537249,0.19617540613667478,0.054308732208601794,0.0,0.380490802813015,0.5765696351972458,-0.25585330355649666,0.6203200999171259,0.40466165876363713,1.2019912248251403,1.058685056607792,1.5812045820882223,0.13288033636502025,-0.06484107662117408,1.9119010276273358,1.2512881463083427,1.3533736778655872,0.4743597434200454,0.0,-0.49542448859252947,26.513167364918516,0.4011817597850496
Odesa-Vinnytsia,-0.5522311339140162,-0.18438219731728756,0.7086392246880778,0.21621384936285565,0.05158956076554106,-0.306559054573356,0.17366478613184042,0.8301349540009904,0.3210603439773611,-0.008229157741295326,1.3067151262257761,1.4294439678676694,1.7924902350551484,0.0,0.0,0.8040220693873155,0.91214529028609,1.2373924764788098,0.1944099374513341,0.0,-0.06968523034818642,0.4347330383356187,0.6934957536254889,0.2648783333894348,-0.018926441092572972,0.5256053506509457,0.9005429074658413,1.2021124606594595,0.2806468040286588,0.0,0.591647491362145,1.2003946530082206,1.140021789255541,0.44881821751401485,0.0,-0.9083090032557678,20.68498569281881,-0.3700064215949878
Odesa-Khmelnytskyi,1.024662519186611,1.4045777993220345,1.4016711792147971,0.3312816536549164,-0.012325522470629345,0.9844084172267072,1.1078442973940792,1.4206509418303437,0.47309455246860216,-0.012325522470629345,1.5214767354790955,1.5214767354790955,1.726918938132502,0.0,0.0,0.8590638306217405,1.1835840856520585,1.512119275156407,0.1507529088432518,0.0,-0.5488818281606032,-0.38824885259415104,-0.3472167767198383,-0.26975868264716846,-0.15879569458014736,0.7190539014545947,1.3975721954501608,1.3260691488537308,0.30270378281478383,0.0,1.3202972829156532,1.77785019383028,1.3787758208350744,0.3861799755489896,0.0,-1.1386286917480393,20.45056445222686,-0.2043697452792603
Odesa-Cherkasy,1.1278125655064573,1.5809157006396666,1.7047826712085759,1.0504454358017055,0.0,1.2198112558639131,1.504934969864809,1.6221039295028323,0.8915185097846727,0.003640640240983234,2.414016533121794,2.089780185008174,1.7138579351155863,0.39858827826953314,0.0,1.8016596597305732,1.724735390675046,1.4239950871937541,0.5028886348075547,0.18807368710484393,0.7568952797806341,0.8959446306740766,0.8449964242658665,0.3545390850426638,0.3060529443208328,1.9702388956240855,2.078301049925943,1.9897110438024452,0.6944979541512457,0.1335448065148213,1.9580583252975476,2.015724554106336,2.012438701147106,0.8017333026965865,0.25410195332124325,0.3064408560464456,24.81741235581384,0.0
Odesa-Kropyvnytskyi,0.5418766380805239,0.8832617869510766,0.8909308020199601,0.24213137249721384,-0.025200649911611115,0.5377041143340772,0.9391560337597908,0.8709806075614057,0.3238217899188381,-0.06119528536979077,1.400404404558427,0.5437491987700505,0.5437491987700505,0.5437491987700505,0.0,1.1473945933280285,0.6482639338937212,0.41882314970036083,0.4234230464106767,-0.26511611664658813,-0.06092410474941729,0.050787716130026084,0.28904764753845247,-0.20191461800941699,-0.13486177831767276,1.0571257237090292,0.9917535761546133,0.5276370347414702,0.3680745479686916,-0.041042232418924844,1.1884789605634112,1.3206223109367234,0.9622449214510438,0.561489710411954,-0.12129372148898579,-1.0993215141011798,28.858012549502025,-0.5136981811527804
Odesa-Poltava,0.8213641893222204,0.9284949516535216,0.14460927179750535,0.13768919690458317,-0.07268977179166232,0.8655979119042486,0.9292309987884927,0.5041392014308823,0.052901491825719904,-0.060974930029452805,0.13531414963976215,0.13531414963976215,0.13843901400131542,0.0,0.0,-0.4420662689240637,-0.1387903215593325,-0.17511301541115154,-0.20826831487856506,-0.02346893835606359,-2.4879904426278534,-2.155263795821521,-2.3335993067362115,-1.2390333579667991,-0.49288420841201314,0.9683814069844299,0.8242111500064522,0.16331069822717834,-0.25523624709243525,0.0,0.19136995185824512,0.2543583917052059,0.17067368109274542,0.04706828724791945,-0.11398072158882225,-3.784087762471392,33.69717862698508,-0.14930765130038018
Odesa-Lutsk,-0.2901946877944482,-0.23699595244642355,-0.2341478906806498,-0.5121659116555064,-0.03493207230591259,-0.6938342466033381,-0.05525814857240363,0.13381958987330717,-0.4122413836147026,-0.03136691861392455,-0.015708421145436836,0.010285441966571869,0.0,0.0,0.0,-0.5979784990948273,0.10509334141283418,0.06773021624278533,0.010285441966571869,0.0,-0.9726245035927217,-0.45941761921342156,0.5884980293300257,0.45378103430010214,0.1782293379091172,0.06447320238545867,0.2775413694935826,-0.11041946729675044,0.03433167216448891,0.0,-1.1430923246739702,-0.7874881798478649,-0.7416167413138397,-0.8369436636967362,-0.7549585573128381,-0.5941233081990158,23.13357186074191,-0.7009833594210474
Kharkiv-Ternopil,9.845353313311175,9.725137571470727,8.468233833759111,6.685609302977012,1.971074229506985,10.188369994927136,9.93611161179711,9.04809034547391,6.897701009676129,3.7699422140265315,2.2118884736995033,2.101124522633913,2.101124522633913,1.8185211972123485,0.0,9.956574936228401,9.588453704764275,8.163299981812353,5.593349694174031,2.266881862921361,7.583464789134239,7.194264258707995,7.004394841592173,5.267753329141756,3.1764047797461785,10.255507819985665,10.204964719649121,9.158957315583832,6.45548584301719,2.7724052585055836,10.42542990509605,10.22495793328247,9.299383663156407,5.907661219980703,3.529177689712391,0.7823113545929427,30.1859317808967,9.926611423310412
Kharkiv-Rivne,9.709811413900084,9.41294394691417,8.37234094169294,6.089053653078472,1.6800220739165768,9.872824047349477,9.656152492369953,8.941694952806861,6.855998775275307,3.401791999873428,1.9139544260782992,1.9139544260782992,1.9139544260782992,1.5818691362148778,0.0,9.002439162386603,8.772907429765828,7.779837552841088,5.195337728929285,2.323399957823445,7.297860528334112,7.35927621428946,6.624969066377855,5.263007596836804,3.3808321042611253,9.703120541972705,9.780541039978578,8.945285295084272,6.322418257265672,2.7612285937075804,9.428167958955754,9.511907617093549,8.192141289786901,5.487358215290941,3.2507727255902843,0.27866465894620956,29.379849444172187,9.16082144535744
Kharkiv-Zhytomyr,10.72639703090097,10.71443765479566,9.64208838541177,7.5298797090469805,2.4607207337284382,10.93710121320859,10.375163704350435,9.477337380823059,7.454883035861485,4.420756208566703,1.996050966245821,1.996050966245821,1.996050966245821,1.787467481905623,0.0,9.480552719043851,9.513650718720607,8.38540232944905,5.442709171376924,2.7062388772308723,7.748812213999889,7.430717995717439,7.104419922529161,5.271749602952771,3.9737954102835307,10.866645665120206,10.491909246007125,9.179727365118604,6.702632604048319,3.10917921570206,10.60626607129761,10.540903379304217,9.039555521760448,6.215806803038948,3.8448962447130546,0.33564043463683824,30.775969774019558,9.272967740461777
Kharkiv-Vinnytsia,11.723758892353487,11.242607920765863,10.020201731320128,7.61112669104811,3.7733164816724396,11.723455469190677,11.545326352366104,10.530140737385848,8.782880095934846,5.008730473617671,1.9663066287867657,1.9663066287867657,1.99543090921757,1.5950311605885747,0.0,11.037421465730182,10.818437418996501,9.832541514240273,6.967479016619783,4.279653603894845,8.656568536382714,8.466495011225769,8.462368939599628,6.5190528690644856,3.985368928232385,11.612659569358783,11.465261798047406,10.806133656833602,7.983443027569111,4.623545210942968,11.823753244741923,11.565565282485352,10.865699385916024,7.9030319854004585,5.3811246242932,0.07101863927757907,33.32743499458134,10.287026460986878
Kharkiv-Khmelnytskyi,9.458835844357344,8.701551866653054,8.299714468296568,6.312536901154583,1.8009848271473712,9.630196225988493,9.46175032556496,8.40242753351014,6.897828187169902,3.6455058439874315,1.8025129165925529,1.8025129165925529,1.8025129165925529,1.4861221215294662,0.0,8.785897488535625,8.493050026175117,7.496863762283017,4.918916896925766,2.1792267158275913,6.70013639634918,6.679290290930818,6.305168038806426,4.831323009258927,3.1506442311179197,9.796225050650333,9.44307632922967,8.69235757832215,6.029689450950347,2.689166592639884,9.506923719535132,9.152423580324538,8.112164272074136,5.440629406483081,3.4409855166821535,0.3847188300966608,30.1690303346685,9.065714795528883
Kharkiv-Cherkasy,-0.0403297601512312,-0.0120800426825872,-0.01208007568901831,0.0,0.0,-0.046543189717724226,-0.004350692061096882,-0.004350692061096882,0.0,0.0,0.0,0.0,0.0,0.0,0.0,0.0,0.0,0.0,0.0,0.0,-0.6328452721578339,-0.2953711192278199,-0.2580377286022904,-0.06081812238539817,-0.021025159952444614,0.0,0.0,0.0,0.0,0.0,0.0,0.0,0.0,0.0,0.0,-0.7509175987604638,9.643813391904061,0.0
Kharkiv-Kropyvnytskyi,-0.03689180805267058,-0.03689180805267058,0.0,0.0,0.0,0.0,0.0,0.0,0.0,0.0,0.0,0.0,0.0,0.0,0.0,0.0,0.0,0.0,0.0,0.0,-0.8993306394760273,-0.7402243071264264,-0.5753410337448169,-0.2888977930676449,-0.0816124408690047,0.0,0.0,0.0,0.0,0.0,0.0,0.0,0.0,0.0,0.0,-1.0248877053942016,7.782540787515099,0.0
Kharkiv-Mykolaiv,-1.8607286939149748,-1.0173521821916613,-0.35482218292512735,-0.02324729784339419,0.0,-0.22534686150515387,-0.161243257690012,0.01434201525023399,0.0,0.0,-0.0942538117295638,0.0,0.0,0.0,0.0,-0.15122190089206936,-0.10243023760090025,-0.07150520001909219,0.0,0.0,-2.617296600536372,-2.2493978838211333,-1.6967364600828836,-1.0639745814867483,-0.38299352536037434,-0.03767345493443068,-0.059802028828311475,-0.006561618994816829,0.0,0.0,-0.059802028828311475,-0.059802028828311475,-0.006561618994816829,0.0,0.0,-1.737064444303662,12.11706698387627,0.0
Kharkiv-Lutsk,9.624793843961767,9.430006880828342,8.446462644619785,6.031149051657574,2.070506433210351,10.111914568305163,9.651793232031729,8.78796089038049,7.077137197392308,3.35121709972325,1.9965353794977077,1.9965353794977077,1.9965353794977077,1.6245633076800272,0.0,9.48195103681127,9.028553398259973,7.856335115825549,5.271628676745172,2.3039146632453353,7.378391612819334,7.462574483595871,6.879193722821221,5.500311848157263,3.192828461425106,10.045908784108047,9.738908136620363,9.014189935882934,6.251209447807314,2.7615856485344565,9.860113429407322,9.667843851755444,8.619487974161714,5.656235554779183,3.1280287131861275,0.43443800689462825,29.309371556326354,9.36642534370737
Dnipro-Ternopil,1.7131093927012258,1.8651566048916588,2.3562228515715695,1.1535012507585884,0.0077256434203895625,1.9012299172174523,2.200742612502783,2.4032293467026498,1.13255156598228,0.13465719281553415,1.5847978448610356,1.9682010496490845,0.7334459888309914,0.022985902129263935,0.0,1.841512062688337,1.7270451120179868,1.4564938209756628,0.8666790915419792,0.0,0.710858127483697,0.6391605017607136,0.2708126078147155,0.19846812093787514,0.09513351442751711,2.673810598397129,2.65399849947475,1.7822611927984082,0.988272894758732,0.0,2.1989850443317214,1.893276730230189,1.6311776461387621,1.0444846986239342,0.0019038293256251808,0.3213868306285805,24.329696895416603,0.7884887762544215
Dnipro-Rivne,0.6065964528630988,0.5244567722843057,0.34853151128876525,0.13096275720931833,-0.024975756522188752,0.9063770954755227,0.6816199412533323,0.3975767794059678,0.5737469349471445,-0.014971560067440425,0.023219424121414513,0.038165938661226036,0.0,0.0,0.0,1.1740380478484829,1.0113934921811436,0.39687602441029557,0.3715400203185003,0.0008389790871160003,0.6216133941357799,0.343289154909704,0.2196801133872393,0.15870387652587714,0.17553401505677704,1.1638641881839493,1.085506165922141,0.598401725464744,0.3970010271210549,-0.013244429847438635,0.8948112059088754,1.1525422854678489,0.6490853991585245,0.6340708106358861,0.051419779738856086,-1.5447105143567428,19.508037721394537,0.31280411154468635
Dnipro-Zhytomyr,2.131558531382332,1.5413227777359988,0.8709479188646574,0.5333763315902222,-0.006949678667413359,2.09695475611802,2.077764746145231,1.3012598827326265,0.9228514149483179,0.0394647518738874,0.21811965185366824,0.08022870529694595,0.1000449108130582,0.0,0.0,2.6207572335787086,2.179626794949424,1.2220613264025677,0.6748993073999887,-0.0159108318654649,1.8863586976020454,1.6429315833899947,1.227646927569863,0.6754247911706984,0.5940180613440403,2.6750289388323147,2.163457312200972,1.4918996135290787,0.7297362234886476,-0.004121794437224205,2.210538662320121,1.8967392734577213,1.2784294580193172,0.9088378787134975,0.06287506635081072,-1.594608118845373,20.157513177954772,1.0182816592779953
Dnipro-Vinnytsia,3.4315158680581868,3.9016868208544557,3.410300712878627,1.7707149250912162,0.0452591666818211,3.663226921367734,3.859941314079495,3.5791261455296848,2.0160807253458533,0.021630428125999326,3.3449818148372796,3.244360462906683,2.8903577809752865,0.3165327565750178,0.0,3.5771121983066,3.2617304649007655,2.8204288059112748,1.2185832034102209,0.0,-0.016790607956459355,-0.12954384793888502,-0.5713555069308879,-0.7442896757463968,-0.28425384924640795,3.92739069471645,3.8607125273231855,3.5820462569105533,1.4507921615995087,0.0,3.894764756925319,3.286217725668744,2.4582174836589217,1.9416089629659532,0.02071620902210835,0.38088189137619266,28.663728774418935,1.5888753474526214
Dnipro-Khmelnytskyi,1.359656123321553,1.700193050226782,2.254047552192435,0.8778805186043196,0.13799147376035925,2.161484350270616,2.3327841401465257,2.1529219022573414,0.887294643180078,0.11257494972116792,2.361947189665216,2.2547473142371968,0.6629756401095354,0.024574574523365478,0.0,1.8950404596803734,2.148237720818915,1.6272817624883837,0.838184604062314,0.0,0.3585055772800209,0.2689628991131995,-0.046517262484681916,-0.19358679908769244,0.033296939246441996,2.384420889110026,2.678541776888076,1.9572293378638983,0.8606961525556992,0.0,1.9447031835164177,1.9219963278659224,1.7842445059999275,0.9866120665517607,0.0019349487564972515,0.6222142825530235,24.627338900523604,0.9164116894238096
Dnipro-Cherkasy,-0.04522150447247033,-0.034864666105643795,0.0,0.0,0.0,-0.12254623609247357,-0.04780617774564143,-0.007521765533968568,-0.007098870100301404,0.0,0.0,0.0,0.0,0.0,0.0,-0.0594046167897729,-0.008089983908260356,-0.015199279819721634,0.0,0.0,-1.1691091687469233,-0.7640552836669626,-0.3870862405102091,-0.2647435487902185,-0.1461775754585366,-0.05589802353847213,-0.016480257569384482,-0.0034595735103119347,0.0,0.0,-0.12394696781955529,0.006864398962794793,-0.0030400933692683258,-0.0037085304657401637,0.0,-3.673112952319531,12.325389719157446,0.0
Dnipro-Mykolaiv,-0.36838577492674185,-0.2638773534105431,-0.060831366223380715,-0.02866099443629433,0.0,-0.8403784481680933,-0.6028206334313723,-0.5202227382200381,-0.07992031421660141,-0.007927060897356,0.0,0.0,0.0,0.0,0.0,-1.3834241914628451,-0.5248929783394308,-0.18678443822303992,-0.04646897810953867,0.0,-2.2095607653859153,-1.7934848758511763,-1.1159386485080922,-0.3374984707017013,-0.0840596134913897,-0.8890115982230048,-0.6819596565740718,-0.34535341821489185,-0.04572649540857937,0.0,-0.8464692146967508,-0.4334350270195043,-0.18425774219609023,-0.16208335743978952,-0.019253759532803415,-1.7973984173750717,17.57223070726907,-0.33243142699246814
Dnipro-Lutsk,1.6227250325668157,0.8793719560695882,0.7400918768174759,0.23126153471577968,-0.008472054141059521,1.897642948287275,1.5918570828172949,1.1033148483153037,0.6865864330710814,0.06397744524461894,1.5488754256382116,0.020910883588094273,0.029907284454270038,0.0,0.0,2.764241866152434,2.4256486034709708,0.9828423994263059,0.555456317794474,0.0020176352298544057,1.4904456691404313,1.4512441397342704,0.7852865677056473,0.5044505475322756,0.1615364722906143,2.494961323495329,1.9145308408683206,1.1491733914980053,0.7241011732898376,-0.008472054141059521,2.153807763703148,1.9149625225340594,0.9192246714426732,0.7038051524296226,-0.022286602533406447,-1.4893433118358228,20.017471302484875,1.8590335259692674
Ternopil-Zhytomyr,-0.8469983913161312,-0.5562356451172212,-0.1990833076926204,0.15291922289950743,0.004849102240758063,-1.693294066634356,-1.0614169156640236,-0.5594045387840151,0.2547202435773258,0.13520550510270946,0.1101490853453791,0.4724048320076447,0.4724048320076447,0.5129539411232841,0.18274775351041941,-0.9880867608881462,-0.37826500263417945,0.1619684411757497,0.4773377027925618,0.19613850210071304,-0.03940004474909623,-0.009779006726518463,0.00011100408575541032,-0.15835383313582166,-0.1578917982234469,-0.6498956045259437,-0.35996707778461756,0.1200618808520301,0.6947387254082971,0.28196431880115785,-1.4595297887824046,-1.0942805987268287,-0.44220225851175016,0.1253053827562898,0.3268202374852964,0.10160265371716518,13.364857862081985,-0.21173584028335574
Ternopil-Cherkasy,-0.38740959356693,0.21888194533505367,0.2465917098285725,-0.0023744148637116743,0.06582567153011827,-0.10325776147895965,0.24020488352902306,0.4534949845047603,-0.022103260426465373,0.0743394654361273,0.13890158676696665,0.14253279308911024,0.019103033081855764,-0.0057058982987408784,-0.03349973336570758,-1.11203900761593,0.047902754601035234,0.1474962853833138,0.24240477939454394,-0.03396048423045207,-2.308561345894916,-1.7429569876003528,-0.9574121984947841,-0.43676668503263855,-0.35138492172821467,0.13282262475002518,0.4570309428560105,0.12526205680362984,0.123827387257971,0.13009027928108524,0.040162503766638886,0.13605602183796095,0.4357737702525753,0.34506114045929087,0.21896372684733936,-0.17894207789828595,23.966358951840046,-0.639084189576219
Ternopil-Kropyvnytskyi,0.26816232439120347,0.6134848583823944,0.4159409998571325,0.12076162874992352,0.1577889280344536,0.3815976842003578,0.5865106677683268,0.6917853852840257,0.22519464166152342,0.26001419106685797,0.14268108663844956,0.024088579493706755,0.01433462633080534,0.01433462633080534,0.02681136383410858,-0.020724276086663246,-0.11404010043519751,-0.012762679716780525,-0.016477947119641474,-0.009185369412513454,-1.961090941775811,-1.738602222536883,-1.4276619716930685,-0.16558883451999096,-0.06429561710872211,0.37971125321853694,0.2244012780952766,0.18061265732277343,0.05931797030837739,0.16664954471875107,0.5764317656911059,0.5831618572254283,0.3488877408973842,0.12884832580122607,0.19510409356973152,-0.06024046945392592,32.13382644395629,0.0
Ternopil-Poltava,1.2637393418799854,1.9777521223233165,1.7410075773173,0.9247674507109411,0.6511038120712795,1.153560565598141,1.5000563560699565,1.5892972958589604,1.4480901970115965,0.9606935140235675,0.11815193617571508,0.0607340467001736,-0.09816042781122976,-0.017238883777148002,0.0,0.31267097360062057,0.7651624816995487,0.4570573049351773,1.004174317767047,0.21982917604681676,-1.319834399834518,-0.3295381021096924,-0.0840516599931418,0.29728441347622536,-0.06961455453591536,1.476434113267999,1.6333637036054083,1.3576144445964597,1.301817698244385,0.8608311403523818,0.8181290690421483,1.3668091875929247,1.5615094814788841,1.504211597293232,1.2126776363701073,-0.4014651366734365,32.94746912800246,-0.2566863174381679
Ternopil-Mykolaiv,-0.5841135284048821,-0.2096362223125495,-0.16857431696772246,0.1857268328501574,-0.026052700737815532,-1.7928617819923967,-1.1068630562022832,-0.5825722717051829,-0.3385225100041808,-0.08508897712741482,0.26313785058884204,0.26313785058884204,0.26313785058884204,0.29003539192018396,0.056732675035082177,-0.07590677012223296,-0.2773061253454656,0.06397121887023483,0.12495417856058717,0.12573907274174023,-3.034877224318902,-2.9653868618576373,-2.4286703292529475,-2.631312472209538,-1.170753648714515,-0.2876179109706315,0.2299548238614708,-0.013390998879983436,0.22172092461718967,0.21147279444412137,-0.5919585077629982,-0.009444346129294722,0.1221803557913036,-0.16272534230553182,0.13707316818771023,0.12696343196631624,37.38902580852245,-0.7050801730470108
Rivne-Vinnytsia,0.409289657424589,1.2773784957817451,1.8401652063577394,0.9968251079003311,-0.13287959574341018,1.0510915288203155,1.3681622583040547,1.6491058370288134,0.9104982501329426,-0.18354030019377654,1.1397817691864207,1.3429441252837948,1.3429441252837948,0.27954211275500185,0.24244259841129487,1.1054203991683689,1.1148836633722687,1.056411614705521,0.04615474618596479,0.27950517826841087,1.2071976374508704,1.2680522050270695,1.4396621673906882,0.5273893802085112,0.37646977013011174,1.4157043798442894,1.499812625686751,1.811466077243656,0.6308079774166189,0.2082489110425343,1.1392497441296976,1.1876324547244872,1.182756672599995,0.21781752202408544,0.15941950369236224,1.8591434156607252,19.196491070102642,0.06198310354973294
Rivne-Cherkasy,1.434000612286346,1.215098280873959,1.200845294016782,0.9665057625412269,0.4255451553088798,0.49611454107084946,0.16320785812874897,0.6392554918995603,0.5573523205356392,0.45182518872618543,0.6090295934451462,0.5997313911183739,0.5997313911183739,0.05799491245170816,0.08889210494551708,1.1595288687887166,0.3016224615853927,0.33414428188548806,-0.13137308648466808,0.007967101120951666,0.34920285621302033,-0.18161738113994322,-0.22509588927117044,-0.06938272466948033,0.32902250302928476,1.1537620940618667,0.8398507224929453,0.6892882828078666,-0.08885045102765014,0.006149972293699353,0.8686778355055449,0.10297161833771679,-0.17187315928189237,0.0491320339070409,-0.1318527375159183,0.2642107011512523,26.314685343622557,0.18604561823708912
Rivne-Kropyvnytskyi,3.2080440909011383,2.65172259598818,2.6201066787461795,1.812377585553865,0.5251566389149909,3.321049906375172,2.854017276476831,2.313864348967313,2.232642130810684,0.5538430155717838,0.2542670753086002,0.18350765543835698,0.18350765543835698,0.1955606407764716,0.15134428829760607,2.3546775044509882,1.5567588652266606,1.6256954088915319,0.000604392396973291,0.1656278466829237,0.6371482426594628,0.853057526394467,0.9084618122905045,-0.007009899721070814,0.1266252411277309,3.760038172192709,3.760725690804711,2.808213468804057,0.8211843245045208,0.14216251562088425,3.8157088279789018,3.775078918243144,2.6902502501588854,0.47663964297157646,0.13074315306943574,-0.495737983675707,32.005789051427925,0.8637048516727549
Rivne-Poltava,0.3422879109454917,0.5990552322663195,1.050402124180197,1.008315910951772,0.3497736519553914,0.2525055789524529,0.2617024444110293,0.5393176624734536,0.7009653079199155,0.1359526863835354,1.38066832768282,1.3596616383440954,1.0352157615213655,0.2988357291560649,0.0,1.2038659665202809,0.9692514770807668,0.8902579854584777,0.06590289320026595,0.4339008241738338,-1.1037577353814667,-0.8926898513600038,-0.31043278229513344,0.22602328133623842,0.2996247703560619,1.9133931413845229,1.9209494689968543,1.086568962024444,-0.06589635054810568,0.30658335365460654,1.8879655657461933,1.8508857529725569,1.9084275769683365,1.0882848121904647,0.927097068050256,-0.3750208201293372,36.33556218659142,0.08746226108519627
Rivne-Mykolaiv,4.245494847022184,4.019372880014528,3.234170603028905,1.7347587532513493,0.24401011453410318,3.101946115394392,2.8818954286063234,2.1504483377217203,0.8633543629855103,-0.04919490819800915,4.397901706238695,0.2882659578126935,0.13698876162375478,0.13698876162375478,0.09072357079274875,3.900854049365459,4.090624042516694,1.7721757560880895,0.1974363315876782,0.13761962095458125,0.9688616114485153,1.2126211563097764,1.2132671572878124,-0.44658416591629635,-0.5095974950381462,4.657218539361696,4.688745824841299,2.5840804120646745,1.0397460383196095,0.1063756734530063,3.093008599239173,2.6226593014326385,2.381652543652732,0.11961509856310427,-0.0603030521056673,-0.6389836492415514,40.73374839644559,1.4521266916812978
Zhytomyr-Cherkasy,1.5552599292284734,1.2170585712168733,0.6825109374542867,0.22886946707240496,-0.003975782239171271,1.119281740215799,0.9152627426515404,0.23995728161078284,0.16102657813901983,0.02523279589507036,2.1718888581659055,0.4406610881582333,0.4351539485514062,0.2367292799103931,0.0,2.2030489589676927,1.5372283418111221,0.45433163011687394,0.4624154916428689,0.5684055892645721,1.3914287943440482,0.9610125259544857,0.5861644355096782,0.6872125867398157,0.9828517900590084,2.244320509721211,1.720137985643546,0.6169123881255473,0.4659286766946141,0.2192464928919654,2.3907946222704735,1.7555847493048784,0.6448187888026808,0.6282480309772566,0.38417178351609305,0.9104370419776249,20.615234273522393,0.08545335238484959
Zhytomyr-Kropyvnytskyi,0.8627037898521406,1.2147982605874592,1.4202125150070584,1.4338212524663707,0.5395893016189608,1.1502327800521654,1.3414931264012295,1.6736658463825251,1.3361570671144496,0.8565468852861566,1.773660091788878,1.7119787368663089,1.2729856794461458,1.1402304062499535,0.5326042991972562,1.5126085473162187,1.8602394807881917,1.6914953587241472,1.69320897493143,0.8423951891687209,0.7604963837847206,1.1039063247838732,1.1182456242160963,1.4918291675755293,1.1240516179572657,1.621464207016883,2.033922668523904,2.1250531300493436,2.027280790883413,1.010852359635437,2.7753432517032315,2.363006024549433,2.4158113986362335,1.779813798782565,0.9914320511501432,1.4943267479305349,29.629032428733545,-0.5849692938183855
Zhytomyr-Poltava,1.1890920038686104,1.0304088230659634,1.335758535255715,0.46613134957485525,-0.1422216181253009,0.947505921316116,1.0573554370462126,0.9177281821986913,1.006782447204826,0.4063042148429515,0.711426741959707,0.10024937362983087,0.0,0.0,0.0,0.43026138962646554,0.4662679214355844,0.1794570497599738,0.28273079860332834,0.0465962066286625,-0.37259912030900877,-0.3028188824927567,0.45127893005538433,0.21021775694097658,0.4966337053943967,2.0401003857794078,1.6214976952276892,0.74677087415473,0.533418438542782,-0.4833116423044004,1.0248920146336677,1.3842997670868191,0.8982692074237655,1.3335226443166244,0.485504292863292,0.10225987163456988,36.050683606960206,0.4871392692618294
Zhytomyr-Mykolaiv,-0.41101799693037805,0.8356807974000012,1.0506418199058285,0.7039932715622403,0.05422154872052848,-1.0097686562879618,-0.677996991737586,0.006020714196930352,0.7410522178483872,0.17126605839234527,0.33124013161766747,0.381876318989996,0.2835657115639675,0.14468825228219973,0.056926085469745015,0.9625072213676142,1.0121335230013873,0.8571640704503922,0.7741713045971008,0.43701877807244444,-1.902333553110622,-1.4158947504411874,-0.5243051554615986,-0.5588565282306042,-0.4212601193410591,1.1105147279534147,1.179488376546753,1.198789844087259,0.5563157566482033,0.25241606794068383,-1.7550836207830598,-0.5939660706684163,0.19744574237301402,0.23478979554708745,0.6052077152633568,0.8454605186748969,36.99871521099261,-2.9546052269661587
Vinnytsia-Cherkasy,0.44873141963401475,0.03385997222611004,-0.3545297911382555,0.18350074351776394,0.18789189498426404,0.31921584355281124,0.32211046824997236,0.05640540880299,0.3286161847551836,0.2350566011501911,1.1378917738346366,0.7325128992293273,0.7325128992293273,0.6518098939751603,0.30824775854342856,1.0612655610853399,1.1541418301396766,1.265975116658644,1.395467404231224,0.15666354158245324,-1.7542591651125972,-0.34666347552910404,1.1801692476095234,0.11473206367497359,0.3136624961213494,1.48526335769141,0.9890179393522979,1.0678391255281179,1.0655929523748617,0.32102961157382887,1.9985799907785384,1.499792840107738,0.9555616661561196,0.9637774431249211,0.6179822074949691,0.5276330574855095,23.908590844762532,0.01778975024186784
Vinnytsia-Kropyvnytskyi,-0.08381315312147566,0.07924162385257857,0.06669089897406466,-0.015157974098156484,0.0,-0.10805557732193653,-0.00813901863545121,0.044848517637230814,0.009083503837248397,0.0,-0.04887637902140266,-0.04887637902140266,0.0,0.0,0.0,-0.41336241813025354,-0.36276674004094084,-0.11553866264939382,-0.22317110148877006,0.02054884281300915,0.4848940964303885,0.22533948746518997,0.08313830498013942,-0.06611536538860492,0.0,0.33094230375519246,0.2384306372056258,0.20662540371069577,0.00709008171362467,0.0,0.4467754379799463,0.33750002403558543,0.33034267817499197,0.3486283808575604,0.005681318315578997,-0.7815109416050122,22.307623443505193,0.0
Vinnytsia-Poltava,4.870416069770587,4.7256858618725435,4.067394168812068,3.1058784515317104,0.8487202310714577,4.757705549620416,4.665838488095437,4.136638254566064,3.1034245330532415,2.006318634802422,1.9250565942954272,0.38709366051708727,0.3300493633854264,0.2411045687998908,0.06170625411329036,4.2775361395381175,4.227003376772896,3.3294549705545684,1.7826366245750633,1.6915106717940234,3.3933076303254985,3.065112330241785,3.642523639071708,3.0881393605824776,1.9125752516013006,4.318087018896695,4.192381782166233,3.8030397742633224,3.368287100520977,1.769199944001482,4.52398256605103,4.3990801552885985,3.38200879259636,2.44683576196,1.880987150631416,-0.00256237671837976,32.632195409601565,3.845740342958572
Vinnytsia-Mykolaiv,-1.6394347199470427,-1.2233277752217246,-1.3203959225005641,-0.8980558034630349,-0.158389110603686,-2.048637251088687,-1.3855631503760002,-0.9868203300371226,-0.6441813988867828,-0.9096278973805202,0.29480247147928446,0.6744618639220625,0.81241353920398,0.21409286690120954,0.0,0.7433472949038011,0.6551016361097243,1.1454588403221766,1.2080968868538886,0.30806603640252345,-1.6203519110488658,-1.765232302902236,-1.168079236969495,-1.123378346614285,-0.8427506224114841,0.16637002546507026,-0.2519147609659776,-0.1751734483794546,-0.5251630192249822,0.06796058993338117,-1.652988335949197,-1.4776108484328607,-0.7399750711940252,0.05364403339980295,0.09223569240048203,-0.28354015995251747,34.16839880393391,-3.3087774950217455
Vinnytsia-Lutsk,0.21679871212807464,0.05863455318899704,-0.10747733517562459,0.09946877086562894,0.24384127034129224,0.13726955478610128,0.1252656537339802,0.09212102469625606,-0.014083617344501736,0.2484518555482287,0.4273083214007402,0.25085012949083246,0.414927591521755,0.414927591521755,0.19210655010139147,1.2446942706279343,0.6800893035922914,0.3791709674104419,0.414927591521755,0.414927591521755,1.0995660682066426,0.8247291077062481,0.7970664691353767,0.7153675660988523,0.5543235657084797,1.367475632781855,1.058034041490355,0.7804307444733912,0.5677980719308325,0.24376464960668354,0.3550595371585141,0.3026593059288486,0.1577417272412513,0.40685390774952956,0.31920772991887625,0.5171882643542512,15.535295469869133,0.2972383271442689
Khmelnytskyi-Cherkasy,0.7312113831313478,0.6527737188517381,0.3652929548326916,0.043022240493550745,0.208891094056219,0.14074776237755912,0.3509931059099101,0.47623473217326767,0.3879132944190968,0.21845884205836408,0.9603332464621956,0.925668740853538,0.552813808963857,0.2595383447669208,0.19077056130697978,-0.4753433159479546,0.43578799682010727,0.7429537547786839,0.6476020288108733,-0.07028484733410681,0.061328331453843456,0.41651231071107575,-0.21133785521249854,-0.09608240475701019,0.09878431821754112,0.8644686309814835,0.9025020600710009,1.0207888749862752,0.5117916373572862,0.1662059710111883,0.4898415826226431,0.5256169365804629,0.6164464270771807,0.4577562587288754,0.30995561907396896,0.7569323027958115,24.53541313989317,0.11240521641997998
Khmelnytskyi-Kropyvnytskyi,-0.5188387303079197,-0.22139047664550052,-0.2540394726523046,-0.48014750478150175,-0.009548735764692052,-0.2262071959084901,-0.12706180087645402,-0.25470251827757356,-0.17665319332279905,-0.13822901150295452,0.18927184441341244,0.24040801555841798,0.1233916305812324,0.1543821747023256,0.0,-0.16790983212151078,-0.06340231585812482,-0.14528584900881156,0.11234804062442702,0.16245672200460748,-3.4528492103551156,-2.6971054582982013,-2.011548242278186,-1.5108094212276983,-0.28986955073522913,0.13780484450891164,-0.06252021283780912,0.08650589600673986,0.15710707248028893,0.10122177571566232,0.09521796283616533,0.17629615974581156,0.07395936317728166,0.19621254829344076,0.23783094316970466,-0.8413081247126698,30.543779709753025,0.0
Khmelnytskyi-Poltava,0.5911909430240928,0.9918584975226377,0.898844882647164,1.1036276418829836,0.5061145784005355,0.8508214292622943,1.3037834248720075,1.2443965894889646,1.4231796153448761,0.7668375161441233,0.24982365850834196,0.22125986568470857,0.11558064750164372,0.005864291491912271,0.0,0.18655749965318325,0.2848014813607988,1.1575277777145867,1.37151540275109,0.2534799452110392,-0.676007093125418,-1.6678954383551974,-0.5417471985624033,0.12211525115180287,0.5172866204024661,0.8702725304432452,1.3044980212672324,1.4028772964237632,1.2383005299136296,0.5968152578541197,0.8372622155562809,1.1420395873164506,1.0788301618506293,1.02017394545069,1.1771681729174241,-0.18881732594656997,31.886510095500245,-0.22422059426512458
Khmelnytskyi-Mykolaiv,-1.0488580124058182,-0.2787313766452889,0.17051720628292177,0.3171174402511869,-0.12366161200311293,-1.8667591651543758,-1.3638432712909139,-0.3705109455689912,-0.05489588150347336,-0.08473653492500295,-0.21685415557597823,-0.2853255878186443,-0.052555762469007374,-0.026125526859989753,0.0,-0.15624549317240702,-0.039804386821214524,0.021949847153552547,-0.19262809861397912,-0.1176862728776009,-2.9997203802525862,-2.8232034662051686,-1.7441099288339246,-1.4574632909643264,-0.6024915216747345,-0.23314815426218038,0.15695737211803365,-0.17097590860908393,-0.10699650674624239,0.001356994304923701,-1.9064567313344167,-1.1599919836387433,-0.23973893290459256,-0.0313806210638807,-0.09135172657788618,0.08649843207446006,38.06650249082392,-2.0482491704494565
Khmelnytskyi-Lutsk,-0.041848515445151134,-0.007782781240488421,-0.10864997635291014,-0.46318732998907486,-0.439896158469434,0.3794357485694433,0.3110088828812282,0.29334682656827354,-0.37239391970433955,-0.7253039725263444,-0.3298113082617844,-0.3374035732132579,-0.3374035732132579,-0.3374035732132579,-0.043685871713541984,1.7404368378147816,0.8848748998128275,-0.41449587994629217,-0.3664292095084764,-0.2957338444434173,0.9246650239865134,0.061801375494140866,-0.15432328796122702,-0.10569501446158702,-0.08797762422413058,1.7634633878135184,1.204876207253937,1.1799866964142935,-0.08719390158071548,-0.11805509900977207,1.4497253806360637,1.2025004751479402,0.6245509355887615,-0.2707945782951268,-0.18059920941071336,-0.6674018698184366,14.173531906272299,-0.07852468453017926
Cherkasy-Mykolaiv,-0.057209659835754836,-0.057209659835754836,0.0,0.0,0.0,0.015309859409760517,0.0,0.0,0.0,0.0,0.0,0.0,0.0,0.0,0.0,-0.7688401347169429,-0.7355879247081162,-0.650245269737226,-0.19842901075491898,-0.3612811293831722,-1.253797404717075,-1.2288252448874828,-0.8920366106848826,-0.5789773753165869,-0.2550272195914062,-0.44818242567982486,-0.4240099052057873,-0.30456365342841835,-0.08948134476892282,0.0,-0.5035126477223618,-0.5858113952177928,-0.3315861703923883,-0.11961541327793657,-0.13309495503628307,-0.7542802984018583,14.546106825713139,0.0
Cherkasy-Lutsk,0.1725079730632121,-0.11307970300898601,-0.3314996573316095,-0.1846647488593474,-0.04544913163663296,0.04618688092227271,-0.032977710812821935,-0.2280089144477919,-0.3255055394051007,-0.21582335275623396,0.881640107603171,0.3748766669698161,0.3120151448114975,0.3120151448114975,0.13451718015550274,0.9880906394949086,0.22402788618844535,0.12312418476263833,0.30265434278184455,0.31682719456849623,-0.5019310235433859,-0.5797258923568431,-0.22144721278207458,-0.09501772046909893,0.11464803928243414,0.9497588029500301,0.34876144732006503,0.26012057801219585,0.2648967453960347,0.07466492862851648,0.6167062069187897,0.158399556640745,-0.30379880083156346,-0.1193257271909215,-0.057295322263218124,0.221904440587256,14.53235205108669,-0.27776483155468074
Kropyvnytskyi-Lutsk,3.1959243025007793,3.0314295688855166,2.948623794832492,1.1508579167649933,-0.10076325712566177,3.1203937263670833,3.253642878829055,2.9096193928203524,1.5468376891899278,0.028143139305963762,2.6894908459681433,2.193695526056644,1.1053403436774485,0.05047898502598017,0.0,3.3025951819448105,3.0098525736359267,2.3438772658224383,1.12259497853624,-0.005681274391617562,1.044843462593153,1.5832574996346316,1.3889769714546407,1.03569326690379,0.8845667955409627,3.9503953795040965,4.010439820651309,2.874901477659949,1.1103647889555956,0.05085681946047981,3.322876405348817,3.7589249264421984,2.454025767289278,1.0497012852690906,0.2064706200730822,1.7476395688984874,23.47335972302387,0.5002954755669927
Poltava-Mykolaiv,-0.03129419831678344,0.053814295673248136,0.0032845463117077145,-0.006899171701482497,0.0,-0.023701285596591813,-0.004583917616580865,0.0032845463117077145,0.0032845463117077145,0.0,0.0,0.0,0.0,0.0,0.0,0.0124735503816091,0.039113035450014585,0.10059635981160914,-0.03328397476242221,0.0,-0.9573340120941978,-0.502556722443615,-0.46935442782144204,0.00397967585515655,-0.04457468111263559,0.01578361831775799,0.007042416202391192,0.0,0.0,0.0,0.08027671626575714,0.09456761665531727,0.07238750385939396,0.03160928176989937,0.0,-2.5694276437475967,18.322248084014678,0.0
Poltava-Lutsk,-0.9207980936441716,0.05720064204551833,0.14682745407037995,-0.11031576822716446,-0.040326472893529884,-0.5279141228383667,0.0018291294788304092,-0.029281302734280135,0.03160900284407284,-0.2132551884579205,0.4533122801343052,0.45016309696211443,0.006732818591546626,0.0,0.0,-0.4854587894734493,-0.2350448008970796,0.23771753745727206,0.3128967083560959,0.05138273145215507,-1.423095715980559,-1.038396262814557,-0.7885920868387666,-0.5715385292052835,-0.09835203546579822,0.5142251632972038,0.37425788575176366,0.5056273271079985,-0.061966357559964304,0.033033638442905716,0.34762064497476836,0.7595776159261174,0.5188977257002496,0.5456871251871529,-0.0927078851616119,0.2255895399086222,20.84448451271615,-0.2757715125736091
Mykolaiv-Lutsk,-0.3723231706714475,-0.4269783267942362,-0.6431416385859571,-0.4309299184918937,-0.08057842856640386,-0.7203539352260361,-1.0874725482786756,-0.8361809803485243,-0.6940730124548052,-0.06809388608784901,-0.3559329730786109,-0.24099205932425288,-0.053848340348217706,0.0,0.0,0.3712795749296822,-0.5181961701944496,-0.12866008134628784,-0.15652787849872546,0.0,-1.282517460094618,-0.90913941807951,-0.6791391286290449,-0.7597389584880493,-0.30731926001769544,0.02174622496485937,-0.3039203464973261,0.01507947300031697,-0.05110977023232843,0.0,-0.5551706618701716,-0.4284508769726375,-0.6175395392935896,-0.043539788730992075,-0.014636271915205711,-0.9493291225617151,28.73416719714065,-0.9929258478290591
