od,static_KUA,pred_KUA,markov_KUA,cvar95_static,cvar95_pred
Lviv-Kyiv,72.14378072592423,67.79591006446428,68.3985458879782,345.10909475336337,309.12375656023596
Lviv-Odesa,102.56933601516776,101.6066991126931,101.69384054969622,409.30007289118805,407.6727329839333
Lviv-Kharkiv,366.1760655827196,298.73879654674334,365.58039737646027,730.2336879060765,706.3574346331818
Lviv-Dnipro,242.69030949432306,198.47843065486995,236.16193795056398,628.0955303340307,548.8985816084206
Lviv-Zhytomyr,38.77925024528753,36.42117047292272,35.835532034815515,254.7582463927132,237.14355132712555
Lviv-Vinnytsia,30.899562327480808,29.27161396115121,29.549409275319505,223.18759804402055,222.99036727435856
Lviv-Cherkasy,129.21156374959835,120.7183140386648,128.81235528950788,433.7219430549259,449.8204841572387
Lviv-Kropyvnytskyi,111.80857698420112,111.64991355211416,113.16206956025741,412.0102168885708,413.23620641013355
Lviv-Poltava,222.4404943410501,210.1836914768705,221.61896767249354,604.4134924168557,586.6160461125113
Lviv-Mykolaiv,134.77891277496917,136.33387202430848,135.55155043042208,434.01234569123676,449.0577559080103
Kyiv-Odesa,124.52937536718908,124.47931718379422,124.8755712118692,415.7065085762262,415.6879972697787
Kyiv-Kharkiv,296.09395761047006,230.83348681353255,266.1679073310232,498.0323155677083,470.13620687490743
Kyiv-Dnipro,170.9599836286727,163.17827754553178,167.68145765395215,422.129303163482,445.57312855311807
Kyiv-Ternopil,74.19096163319705,72.00945285776021,73.5583635215008,367.3833589637224,374.6268041757754
Kyiv-Rivne,61.62774303419328,62.16623406775213,63.07169463439355,280.14438819958025,313.9005422927368
Kyiv-Khmelnytskyi,68.0671224523223,66.3144897269988,70.08436077619866,332.2883750266067,338.16328021046854
Kyiv-Kropyvnytskyi,94.8373976508496,94.8373976508496,94.83953471476816,286.4721010657554,286.4721010657554
Kyiv-Poltava,150.65615772582262,152.28817270487093,153.8397755532752,341.0913100457738,351.79636123821507
Kyiv-Mykolaiv,145.0815268429384,138.21370965367402,145.02808814626567,418.19277343070286,423.71289501159396
Kyiv-Lutsk,65.40332468028294,65.18966446640816,65.8023313396514,327.84847737872,331.52172091895005
Odesa-Kharkiv,257.8122482258114,241.1398280201084,256.5021171381286,604.5138670454387,574.7933502536576
Odesa-Dnipro,126.41417666461389,126.00700512186519,127.25217758600863,380.23057621686166,378.30720740546093
Odesa-Ternopil,97.6592757677013,96.43542624280863,96.9636073644897,455.8057257992655,454.0653964752569
Odesa-Rivne,118.66899263862402,105.10785907643921,118.80875474865957,505.69244932019683,476.3585328693192
Odesa-Zhytomyr,90.00093137786365,90.15474365719763,90.96185047892347,421.69632490339905,421.91978497222783
Odesa-Vinnytsia,71.2379694123351,70.64826327950315,70.88212671404021,359.2084671848399,361.6272810766544
Odesa-Khmelnytskyi,86.93923615480891,85.98178169390151,86.19426874401528,417.8342253616955,416.24307729408736
Odesa-Cherkasy,118.43308393399938,110.74930739835574,115.16288997913914,403.0264193586404,402.8835602693922
Odesa-Kropyvnytskyi,72.95389514902953,70.8997104643444,70.62634351914346,300.46320323346384,286.3220696059377
Odesa-Poltava,176.21410717078112,176.1549943583376,178.83541093698074,478.7330677128118,486.84458547584615
Odesa-Lutsk,104.87979501743152,104.98968484134888,106.18475939570051,475.0543148879217,475.0543148879217
Kharkiv-Ternopil,304.3044609983928,292.4939055719044,325.8780528611357,777.3092047601025,779.4918215955404
Kharkiv-Rivne,358.7871877097371,292.5357490017867,330.77397762088066,766.5230519848761,737.3248002963701
Kharkiv-Zhytomyr,330.07283963866644,264.4806874562653,303.65162264390773,632.1309007778766,601.1643855060701
Kharkiv-Vinnytsia,361.69364888002434,265.98555832275673,316.2720499803484,717.5834426263783,687.6267106298187
Kharkiv-Khmelnytskyi,365.9559579747415,284.9790381245421,337.71264989244634,790.5799279630562,754.3758746247158
Kharkiv-Cherkasy,185.92556651848852,186.35553320720177,185.92556651848852,387.61071471460815,391.1742011923634
Kharkiv-Kropyvnytskyi,182.9193210531726,180.594705276126,182.9193210531726,386.9707422146189,399.41339752006087
Kharkiv-Mykolaiv,233.73573800050423,215.56341623129472,233.73573800050423,518.3394619758092,513.5932370703559
Kharkiv-Lutsk,364.0106163733617,296.0588798056821,322.1308015973635,791.059249426495,750.1519284699853
Dnipro-Ternopil,245.79733562467422,193.62805147090558,232.19773989481195,678.9368348417507,638.8722599609456
Dnipro-Rivne,232.5704509602805,211.1526933430478,229.3131237164931,660.2381704322826,667.5677131158388
Dnipro-Zhytomyr,204.5706736800904,191.30160656167192,201.59478890305422,555.0971717634911,592.7832414031128
Dnipro-Vinnytsia,205.988503386068,166.488501577331,197.98483223248817,569.9493395044219,538.1666816377307
Dnipro-Khmelnytskyi,239.67349644379937,182.6178805220902,201.82917469485153,657.3000310349989,601.5839843624588
Dnipro-Cherkasy,105.95993781717011,106.00346072395212,105.95993781717011,291.28670494244756,294.1308242057465
Dnipro-Mykolaiv,101.10938532386464,101.10938532386464,101.10938532386464,316.99636346767136,316.99636346767136
Dnipro-Lutsk,238.4837567772948,211.92679947999528,233.69610760823625,684.4538753680407,670.201029971647
Ternopil-Zhytomyr,40.51620365767626,37.04628480999442,37.51155272097987,240.92201876663404,242.55198303634276
Ternopil-Cherkasy,124.66159308671538,117.06859359384657,122.32967538423021,424.6224761559992,428.5755121343359
Ternopil-Kropyvnytskyi,107.33311678652784,105.93968861898675,107.07810117781926,401.1563515536336,401.3717401538719
Ternopil-Poltava,224.7750601624992,210.01754628526803,221.74551644325598,604.4875395668704,579.7654668927653
Ternopil-Mykolaiv,130.2916089915888,129.6402412913945,130.24641956223334,423.5611627380551,436.7080692345833
Rivne-Vinnytsia,36.26821252147368,34.54186362319736,34.72578936425926,243.90617635598724,242.57331474861178
Rivne-Cherkasy,120.71691670227614,112.2406470689739,115.42964191811215,432.0012623224987,440.96609857558184
Rivne-Kropyvnytskyi,156.86881270297465,117.69002842526857,134.77213609094028,498.3720234279955,428.907916766956
Rivne-Poltava,212.0387488427456,208.3247506238223,208.07107482007694,573.0097592527909,576.7103419588937
Rivne-Mykolaiv,169.04520035501832,142.70661002406004,160.05895503121957,512.2844402180723,481.42418643524434
Zhytomyr-Cherkasy,92.75494570049283,91.67326256447049,92.15430074397071,318.3002256351087,359.2580638383073
Zhytomyr-Kropyvnytskyi,128.94560411401747,103.89266577114843,115.24138459985996,394.2394438226203,387.0737611936648
Zhytomyr-Poltava,184.11044675516317,184.09486849804634,186.08315732117353,462.5052344164791,463.8024736853165
Zhytomyr-Mykolaiv,140.80760485085386,123.19299457940912,127.99393492514862,424.2380403853551,427.074269492217
Vinnytsia-Cherkasy,102.3835362688766,95.20845706329149,99.36957331110716,347.8461007658767,354.31762118865856
Vinnytsia-Kropyvnytskyi,80.99793055315602,80.99793055315602,81.4793830643915,296.0226756771486,296.0226756771486
Vinnytsia-Poltava,205.528107298973,188.56181174547473,200.76385642004325,545.52000496607,507.31767152192367
Vinnytsia-Mykolaiv,103.9890562061163,97.65076584886312,98.59305586264625,344.0993259903109,375.0761191819309
Vinnytsia-Lutsk,35.799339327918304,34.69651957222462,36.30151089982249,260.2818265213995,242.81220022608574
Khmelnytskyi-Cherkasy,118.55817899169922,111.18669682698321,113.15947466573891,400.96037270399694,402.28773029293325
Khmelnytskyi-Kropyvnytskyi,96.6529140173136,97.63271181515921,98.61384515356072,365.5984870513231,367.69837136945324
Khmelnytskyi-Poltava,218.71263243722558,202.799218796486,214.05719691875774,593.6033465126832,560.8742898172451
Khmelnytskyi-Mykolaiv,119.62830866766325,116.22183570441686,118.16068842204095,390.06211728754187,420.40819421559115
Khmelnytskyi-Lutsk,24.062921579166535,18.49333566358762,19.386011232618536,180.10184524371192,180.05945047866385
Cherkasy-Mykolaiv,93.92878866865841,93.92878866865841,93.92878866865841,308.16432124387813,308.16432124387813
Cherkasy-Lutsk,124.51713862899854,120.45073165056078,123.81937897205674,478.51818115216776,492.14523952318393
Kropyvnytskyi-Lutsk,149.88717947048772,125.22691136671392,140.42224589819148,539.759482002287,511.2523659422018
Poltava-Mykolaiv,154.45279992132913,154.41385735337423,154.45279992132913,419.17583768696545,421.09678963449875
Poltava-Lutsk,216.00914884103545,209.65406737234477,216.51656664937647,629.0624143263202,653.3919075676325
Mykolaiv-Lutsk,139.94250741876988,138.34990748600984,140.30054179347434,529.8469033054513,529.199696088487
