route,KUA,share,AES8,KUA_pretest,share_pretest,T_h,D_km
R1,78.81057899501204,0.13758323322065483,0.3740755300176288,46.437783602260595,0.08106856329534752,8.571333333333333,572.8211
R2,72.43681276871271,0.13410712966773647,0.3659430463514463,42.86582052575628,0.07936036846232539,8.113833333333332,540.1414
R3,83.00788977731392,0.14141567448407596,0.3847248520781199,47.90184429830084,0.08160756331293649,8.73338888888889,586.978
R4,79.144047032586,0.14104862352313033,0.3785534151309046,45.210614182119336,0.08057327288807567,8.976999999999999,561.1118
R5,85.8935977897497,0.13731083429623223,0.38605737583683936,52.80888981521386,0.08442110827089092,9.42438888888889,625.5413000000001
R6,91.97443499134087,0.1548637796378697,0.4068948358679347,50.25384916030367,0.08461591553184006,9.196694444444447,593.9054
R8,77.65305235991462,0.1381638160963586,0.37376673876356464,45.48022621702585,0.08092047150890458,8.750833333333333,562.0361
R9,69.95342898356142,0.12690615950635004,0.3449442629927206,43.27401589034212,0.0785056464401567,8.446416666666666,551.2216999999999
R10,76.66066036112476,0.1339771387286276,0.35808001427899216,45.619148800431105,0.07972698120164733,9.309583333333334,572.1921
