lambda,KUA,share,T_h,D_km,kind
0.0,296.607887429141,0.28107228592425415,15.36815171231838,1057.912961916462,dynamic_lambda
0.005,296.5906071661963,0.2813086764182892,15.3349988321655,1057.0239849576851,dynamic_lambda
0.01,296.692484216297,0.28163854102109237,15.300928595261928,1056.2001052416053,dynamic_lambda
0.02,297.17137714411723,0.28253455433457764,15.245090893924225,1054.7021286650288,dynamic_lambda
0.05,298.64146443200764,0.28516123757746853,15.078226135226135,1050.3779846846849,dynamic_lambda
0.1,301.28663051661573,0.28923020997271587,14.865709444292776,1044.3037579579582,dynamic_lambda
0.2,303.8358992458206,0.2934460890648409,14.626339733673067,1036.9943662298665,dynamic_lambda
0.5,306.49422854186946,0.29745978805788653,14.452311182394512,1030.5949371007375,dynamic_lambda
1.0,306.6704351110885,0.2977134784914002,14.43450894075894,1030.0885690417695,dynamic_lambda
2.0,306.6653164098528,0.29770426905904107,14.434055555555553,1030.1005000000002,dynamic_lambda
5.0,306.6653164098528,0.29770426905904107,14.434055555555553,1030.1005000000002,dynamic_lambda
