corridor,route,T_h,D_km,rail,junction,settle_km,bridges,bridge_km,poor_km
lviv_kyiv,R1,8.571333333333333,572.8211,6,218,78.105,65,3.975,92.04519892552726
lviv_kyiv,R2,8.113833333333332,540.1414,1,293,96.58,65,4.615,3.47041034023992
lviv_kyiv,R3,8.73338888888889,586.978,3,288,87.68,64,4.21,129.69404854665459
lviv_kyiv,R4,8.976999999999999,561.1118,2,268,81.89,60,4.515,35.617707250489495
lviv_kyiv,R5,9.42438888888889,625.5413000000001,3,349,123.51,61,4.4,104.65436894227186
lviv_kyiv,R6,9.196694444444447,593.9054,7,241,87.26,59,3.215,150.96261045410245
lviv_kyiv,R7,8.571361111111111,572.8223,6,218,78.105,65,3.975,92.04519892979307
lviv_kyiv,R8,8.750833333333333,562.0361,5,183,89.515,51,3.47,94.69812518111458
lviv_kyiv,R9,8.446416666666666,551.2216999999999,5,350,141.41,58,4.365,7.393021174574345
lviv_kyiv,R10,9.309583333333334,572.1921,6,324,126.675,53,4.25,39.540318084823916
odesa_kyiv,odesa_kyiv_R1,5.695805555555556,488.18440000000004,1,130,27.54,51,4.49,72.63897459681054
odesa_kyiv,odesa_kyiv_R2,9.41916666666667,675.891,8,235,74.14,54,4.34,80.51773208845431
odesa_kyiv,odesa_kyiv_R3,9.565527777777778,688.4265,4,175,56.985,48,4.595,80.4515337832812
odesa_kyiv,odesa_kyiv_R4,9.470416666666667,630.9033000000001,4,268,102.89,48,8.41,4.209662508903828
odesa_kyiv,odesa_kyiv_R5,11.85813888888889,774.5327,8,307,119.33,51,10.47,28.100158531631227
odesa_kyiv,odesa_kyiv_R6,11.518944444444443,762.341,12,311,134.12,55,4.885,31.91313956442775
odesa_kyiv,odesa_kyiv_R7,8.704,643.8699,3,166,61.07,63,8.655,11.52886187614555
odesa_kyiv,odesa_kyiv_R8,10.087277777777778,729.2259,3,197,69.18,57,5.395,68.77756281848029
kharkiv_lviv,kharkiv_lviv_R1,14.434055555555558,1030.1005,3,583,164.985,114,12.825,40.78316402407046
kharkiv_lviv,kharkiv_lviv_R2,16.765694444444446,1089.311,12,582,201.93,87,8.0,127.99361177117763
kharkiv_lviv,kharkiv_lviv_R3,16.892138888888887,1160.8862,8,519,168.285,119,11.51,103.02569789039427
kharkiv_lviv,kharkiv_lviv_R4,17.07338888888889,1093.5195,7,544,202.445,100,7.715,126.82160158119719
kharkiv_lviv,kharkiv_lviv_R5,15.176833333333335,1078.3855,4,542,158.46,115,12.235,161.47534864582798
kharkiv_lviv,kharkiv_lviv_R6,14.51313888888889,1028.0194000000001,3,558,178.95,117,12.78,34.05896838475727
kharkiv_lviv,kharkiv_lviv_R7,16.660305555555556,1082.495,12,569,194.095,85,7.55,128.14379309591322
kharkiv_lviv,kharkiv_lviv_R8,16.975777777777775,1078.0919,8,579,201.36,99,7.255,125.64180199469087
dnipro_kyiv,dnipro_kyiv_R1,7.4864444444444445,483.0325,6,200,66.535,32,8.79,84.78006827012817
dnipro_kyiv,dnipro_kyiv_R2,6.932555555555556,541.6523000000001,2,198,66.005,68,10.905,24.250544332609994
dnipro_kyiv,dnipro_kyiv_R3,8.918722222222222,565.4858,6,224,77.705,36,5.54,146.16306186665105
dnipro_kyiv,dnipro_kyiv_R4,8.590944444444444,636.671,6,191,65.235,49,4.3,69.95969861049397
dnipro_kyiv,dnipro_kyiv_R5,7.494166666666667,483.1481,6,200,66.515,32,8.79,84.89843569957401
dnipro_kyiv,dnipro_kyiv_R6,12.314305555555556,824.3776,13,297,111.82,52,4.155,77.83845610213757
dnipro_kyiv,dnipro_kyiv_R7,6.940250000000001,541.768,2,198,65.935,68,10.905,24.36891176205584
dnipro_kyiv,dnipro_kyiv_R8,9.300416666666667,614.8629,8,249,106.065,52,11.36,68.245096272748
